classification,keyed_name,id,created_on,created_by_id,owned_by_id,managed_by_id,modified_on,modified_by_id,current_state,state,locked_by_id,is_current,major_rev,minor_rev,is_released,not_lockable,css,generation,new_version,config_id,permission_id,behavior,sort_order,team_id,actual_value,calculated_value,estimated_value,goal_comments,target_value,related_id,goal,source_id,indexed_on
,Cost,005612867EBE4E778B80DB1276EAD521,2017-12-03 20:35:00.000,0F6BD6E53E9749CA9B1A2A648D741A5A,,,2017-12-03 20:35:00.000,0F6BD6E53E9749CA9B1A2A648D741A5A,,,,1,A,,0,0,,1,1,005612867EBE4E778B80DB1276EAD521,95475AE006E7415794BDC93808DC04D2,fixed,128,,5.35,,5.35,,5.35,,Cost,C0F8E890509342469358F11DA2BAD8DC,
,Cost,006A849DE63345599FC5E7FDF5ED11F1,2017-12-03 20:35:00.000,0F6BD6E53E9749CA9B1A2A648D741A5A,,,2017-12-03 20:35:00.000,0F6BD6E53E9749CA9B1A2A648D741A5A,,,,1,A,,0,0,,1,1,006A849DE63345599FC5E7FDF5ED11F1,95475AE006E7415794BDC93808DC04D2,fixed,128,,0.27,,0.3,,0.35,,Cost,CECBF91D4B8641C5ABB40A85C9706C5A,
,Cost,006C4E58DCD44C0FAA947840515CE1FF,2017-12-03 20:35:00.000,0F6BD6E53E9749CA9B1A2A648D741A5A,,,2017-12-03 20:35:00.000,0F6BD6E53E9749CA9B1A2A648D741A5A,,,,1,A,,0,0,,1,1,006C4E58DCD44C0FAA947840515CE1FF,95475AE006E7415794BDC93808DC04D2,fixed,128,,,264.61,,,,,Cost,7B2E1053EAF4424289FE4E6BA612A525,
,Cost,00B18857364D4B3B9DF7480B0BF9CEE7,2017-12-03 20:35:00.000,0F6BD6E53E9749CA9B1A2A648D741A5A,,,2017-12-03 20:35:00.000,0F6BD6E53E9749CA9B1A2A648D741A5A,,,,1,A,,0,0,,1,1,00B18857364D4B3B9DF7480B0BF9CEE7,95475AE006E7415794BDC93808DC04D2,fixed,128,,0.26,,0.29,,0.31,,Cost,A52C0F9ECB3A4CC49E4EEED2024FD08F,
,Cost,04DB97D08767445195C1E5D27EC32C7C,2017-12-03 20:35:00.000,0F6BD6E53E9749CA9B1A2A648D741A5A,,,2017-12-03 20:35:00.000,0F6BD6E53E9749CA9B1A2A648D741A5A,,,,1,A,,0,0,,1,1,04DB97D08767445195C1E5D27EC32C7C,95475AE006E7415794BDC93808DC04D2,fixed,128,,18.0,,24.99,,28.99,,Cost,CFB85B57DE9A43CC9D9371B85C87E672,
,Cost,05A28EB2C65C4F8B856D0D6002E8009E,2017-12-03 20:35:00.000,0F6BD6E53E9749CA9B1A2A648D741A5A,,,2017-12-03 20:35:00.000,0F6BD6E53E9749CA9B1A2A648D741A5A,,,,1,A,,0,0,,1,1,05A28EB2C65C4F8B856D0D6002E8009E,95475AE006E7415794BDC93808DC04D2,fixed,128,,73.73,,76.0,,79.68,,Cost,CFA387C8052C4864B4728BB5C35BA140,
,Cost,05A350BE277845A98700A351DED55C63,2017-12-03 20:35:00.000,0F6BD6E53E9749CA9B1A2A648D741A5A,,,2017-12-03 20:35:00.000,0F6BD6E53E9749CA9B1A2A648D741A5A,,,,1,A,,0,0,,1,1,05A350BE277845A98700A351DED55C63,95475AE006E7415794BDC93808DC04D2,fixed,128,,0.085,,0.085,,0.085,,Cost,E8B1817E1F2B48A4AA41C4ADA989B70E,
,Cost,065F0130BA7A4A8EA3B6182396667F72,2017-12-03 20:35:00.000,0F6BD6E53E9749CA9B1A2A648D741A5A,,,2017-12-03 20:35:00.000,0F6BD6E53E9749CA9B1A2A648D741A5A,,,,1,A,,0,0,,1,1,065F0130BA7A4A8EA3B6182396667F72,95475AE006E7415794BDC93808DC04D2,fixed,128,,0.08,,0.08,,0.08,,Cost,D76AEE4A292E470392583F4A3E2A5A69,
,Cost,0782F5F2B744458C952A1D73D5D7CE32,2017-12-03 20:35:00.000,0F6BD6E53E9749CA9B1A2A648D741A5A,,,2017-12-03 20:35:00.000,0F6BD6E53E9749CA9B1A2A648D741A5A,,,,1,A,,0,0,,1,1,0782F5F2B744458C952A1D73D5D7CE32,5C07EB829D4241F6BB884952960FAF58,float,128,,0.08,,0.08,,0.08,,Cost,0C49B8A7882F4590BBDABCBD92B92381,
,Cost,0836898B417E4BFA948CAE35723AABDD,2017-12-03 20:35:00.000,0F6BD6E53E9749CA9B1A2A648D741A5A,,,2017-12-03 20:35:00.000,0F6BD6E53E9749CA9B1A2A648D741A5A,,,,1,A,,0,0,,1,1,0836898B417E4BFA948CAE35723AABDD,95475AE006E7415794BDC93808DC04D2,fixed,128,,,284.39,,,,,Cost,4C40CCBC9E864E9CA7BE8A93423BD362,
,Cost,0FFDA93C9F2E4C0D93F4A9F7F0F204E9,2017-12-03 20:35:00.000,0F6BD6E53E9749CA9B1A2A648D741A5A,,,2017-12-03 20:35:00.000,0F6BD6E53E9749CA9B1A2A648D741A5A,,,,1,A,,0,0,,1,1,0FFDA93C9F2E4C0D93F4A9F7F0F204E9,95475AE006E7415794BDC93808DC04D2,fixed,128,,3.8,,3.85,,3.75,,Cost,615A864791234ACF85B26E8D5E81B08C,
,Cost,119FE3888037412E850CBB788B43785D,2017-12-03 20:35:00.000,0F6BD6E53E9749CA9B1A2A648D741A5A,,,2017-12-03 20:35:00.000,0F6BD6E53E9749CA9B1A2A648D741A5A,,,,1,A,,0,0,,1,1,119FE3888037412E850CBB788B43785D,95475AE006E7415794BDC93808DC04D2,fixed,128,,9.0,,10.15,,10.45,,Cost,FCC31BED382D4C82B67CAD3CD1050936,
,Cost,12A4DD45A27F42E0A33D3AD2721A247D,2017-12-03 20:35:00.000,0F6BD6E53E9749CA9B1A2A648D741A5A,,,2017-12-03 20:35:00.000,0F6BD6E53E9749CA9B1A2A648D741A5A,,,,1,A,,0,0,,1,1,12A4DD45A27F42E0A33D3AD2721A247D,95475AE006E7415794BDC93808DC04D2,fixed,128,,,,,,,,Cost,0EDAA4188E4C4BA981FD4518B5C5DDAD,
,Cost,135607B15B0D4DE1A86BE13A7985099F,2017-12-03 20:35:00.000,0F6BD6E53E9749CA9B1A2A648D741A5A,,,2017-12-03 20:35:00.000,0F6BD6E53E9749CA9B1A2A648D741A5A,,,,1,A,,0,0,,1,1,135607B15B0D4DE1A86BE13A7985099F,95475AE006E7415794BDC93808DC04D2,fixed,128,,4.54,,4.65,,4.75,,Cost,C80FFD3CE7F24CB2B3A806EE5EA870EE,
,Cost,1477D64499C54D0A8A287BBB7CCA3B01,2017-12-03 20:35:00.000,0F6BD6E53E9749CA9B1A2A648D741A5A,,,2017-12-03 20:35:00.000,0F6BD6E53E9749CA9B1A2A648D741A5A,,,,1,A,,0,0,,1,1,1477D64499C54D0A8A287BBB7CCA3B01,95475AE006E7415794BDC93808DC04D2,fixed,128,,2.8,,2.85,,2.75,,Cost,49BCE3D0ED7B494DBDD5F8B49246FD75,
,Cost,1726D01BE32541BB9F731B1C3883E194,2017-12-03 20:35:00.000,0F6BD6E53E9749CA9B1A2A648D741A5A,,,2017-12-03 20:35:00.000,0F6BD6E53E9749CA9B1A2A648D741A5A,,,,1,A,,0,0,,1,1,1726D01BE32541BB9F731B1C3883E194,95475AE006E7415794BDC93808DC04D2,fixed,128,,0.01,,0.01,,0.01,,Cost,FDCE5037EA0848FFB80989F9BBD7D987,
,Cost,175F7EBB73BD4B3CAE64022A4F7552FF,2017-12-03 20:35:00.000,0F6BD6E53E9749CA9B1A2A648D741A5A,,,2017-12-03 20:35:00.000,0F6BD6E53E9749CA9B1A2A648D741A5A,,,,1,A,,0,0,,1,1,175F7EBB73BD4B3CAE64022A4F7552FF,95475AE006E7415794BDC93808DC04D2,fixed,128,,0.05,,0.06,,0.07,,Cost,7382E984BE2345DF8CBF650169C34F7B,
,Cost,177F17C5007D4D78A199D4CC0C5A763A,2017-12-03 20:35:00.000,0F6BD6E53E9749CA9B1A2A648D741A5A,,,2017-12-03 20:35:00.000,0F6BD6E53E9749CA9B1A2A648D741A5A,,,,1,A,,0,0,,1,1,177F17C5007D4D78A199D4CC0C5A763A,95475AE006E7415794BDC93808DC04D2,fixed,128,,0.07,,0.07,,0.07,,Cost,B037E694D6F54471873E854DB94C278D,
,Cost,17D2FFF3CB5844C38DE5E899231BE98D,2017-12-03 20:35:00.000,0F6BD6E53E9749CA9B1A2A648D741A5A,,,2017-12-03 20:35:00.000,0F6BD6E53E9749CA9B1A2A648D741A5A,,,,1,A,,0,0,,1,1,17D2FFF3CB5844C38DE5E899231BE98D,95475AE006E7415794BDC93808DC04D2,fixed,128,,3.65,,3.65,,3.65,,Cost,63FDE786A9DD40A5B090511DEB0F6419,
,Cost,18CF7F0704B04BD693A5E4CA9678DF99,2017-12-03 20:35:00.000,0F6BD6E53E9749CA9B1A2A648D741A5A,,,2017-12-03 20:35:00.000,0F6BD6E53E9749CA9B1A2A648D741A5A,,,,1,A,,0,0,,1,1,18CF7F0704B04BD693A5E4CA9678DF99,95475AE006E7415794BDC93808DC04D2,fixed,128,,5.35,,5.35,,5.35,,Cost,B7EA821806164558BDC66334C835C51F,
,Cost,192D2F7A5D08493F89FD76B596BA77A0,2017-12-03 20:35:00.000,0F6BD6E53E9749CA9B1A2A648D741A5A,,,2017-12-03 20:35:00.000,0F6BD6E53E9749CA9B1A2A648D741A5A,,,,1,A,,0,0,,1,1,192D2F7A5D08493F89FD76B596BA77A0,95475AE006E7415794BDC93808DC04D2,fixed,128,,21.0,,20.5,,20.0,,Cost,868620A39D094D578B23918F84C67F9E,
,Cost,193FD30980F04771A711D5D64732E888,2017-12-03 20:35:00.000,0F6BD6E53E9749CA9B1A2A648D741A5A,,,2017-12-03 20:35:00.000,0F6BD6E53E9749CA9B1A2A648D741A5A,,,,1,A,,0,0,,1,1,193FD30980F04771A711D5D64732E888,95475AE006E7415794BDC93808DC04D2,fixed,128,,5.51,,5.94,,6.43,,Cost,24FEE125CF0443808A9F2D5FF92F784F,
,Cost,1BDBC4D193634F18B8A8C7E7C6F4EE24,2017-12-03 20:35:00.000,0F6BD6E53E9749CA9B1A2A648D741A5A,,,2017-12-03 20:35:00.000,0F6BD6E53E9749CA9B1A2A648D741A5A,,,,1,A,,0,0,,1,1,1BDBC4D193634F18B8A8C7E7C6F4EE24,95475AE006E7415794BDC93808DC04D2,fixed,128,,0.02,,0.02,,0.02,,Cost,754B4C062A7241A2B512BB0B96276F8E,
,Cost,1CFDB8531D2F468EBA45744378BA1ABA,2017-12-03 20:35:00.000,0F6BD6E53E9749CA9B1A2A648D741A5A,,,2017-12-03 20:35:00.000,0F6BD6E53E9749CA9B1A2A648D741A5A,,,,1,A,,0,0,,1,1,1CFDB8531D2F468EBA45744378BA1ABA,95475AE006E7415794BDC93808DC04D2,fixed,128,,32.75,,34.35,,36.0,,Cost,FEF7E0680A084E9C9A7D8C42F3F0E6DA,
,Cost,1EE2F6F330A8462F8212C8C062A30D9E,2017-12-03 20:35:00.000,0F6BD6E53E9749CA9B1A2A648D741A5A,,,2017-12-03 20:35:00.000,0F6BD6E53E9749CA9B1A2A648D741A5A,,,,1,A,,0,0,,1,1,1EE2F6F330A8462F8212C8C062A30D9E,95475AE006E7415794BDC93808DC04D2,fixed,128,,,30.57,5.35,,5.35,,Cost,4AE1B244824F42C49811A6FC33431D5E,
,Cost,227E61B7800348FB857CCCFAE2732818,2017-12-03 20:35:00.000,0F6BD6E53E9749CA9B1A2A648D741A5A,,,2017-12-03 20:35:00.000,0F6BD6E53E9749CA9B1A2A648D741A5A,,,,1,A,,0,0,,1,1,227E61B7800348FB857CCCFAE2732818,95475AE006E7415794BDC93808DC04D2,fixed,128,,0.15,,0.16,,0.18,,Cost,03E6B50FF17441168C73A1FF5ABCF891,
,Cost,25283E49FDAA45BBA7F45B8BEC6E90E3,2017-12-03 20:35:00.000,0F6BD6E53E9749CA9B1A2A648D741A5A,,,2017-12-03 20:35:00.000,0F6BD6E53E9749CA9B1A2A648D741A5A,,,,1,A,,0,0,,1,1,25283E49FDAA45BBA7F45B8BEC6E90E3,95475AE006E7415794BDC93808DC04D2,fixed,128,,5.5,,5.75,,6.0,,Cost,506E4C80DB7C4C22ADDCC4F0FD28E699,
,Cost,25497D98CC964DF99A0768C0B18B1360,2017-12-03 20:35:00.000,0F6BD6E53E9749CA9B1A2A648D741A5A,,,2017-12-03 20:35:00.000,0F6BD6E53E9749CA9B1A2A648D741A5A,,,,1,A,,0,0,,1,1,25497D98CC964DF99A0768C0B18B1360,95475AE006E7415794BDC93808DC04D2,fixed,128,,0.16,,0.18,,0.2,,Cost,FF5D75695CC648EDB8FB43FF8BCD0103,
,Cost,26265DA5B8C14ECAB2604A2A2392C5AB,2017-12-03 20:35:00.000,0F6BD6E53E9749CA9B1A2A648D741A5A,,,2017-12-03 20:35:00.000,0F6BD6E53E9749CA9B1A2A648D741A5A,,,,1,A,,0,0,,1,1,26265DA5B8C14ECAB2604A2A2392C5AB,95475AE006E7415794BDC93808DC04D2,fixed,128,,0.429,,0.575,,0.72,,Cost,336B9D1C58284077A6D56CCB404C57EC,
,Cost,2773D521FF3047D68AC6803F30B70705,2017-12-03 20:35:00.000,0F6BD6E53E9749CA9B1A2A648D741A5A,,,2017-12-03 20:35:00.000,0F6BD6E53E9749CA9B1A2A648D741A5A,,,,1,A,,0,0,,1,1,2773D521FF3047D68AC6803F30B70705,95475AE006E7415794BDC93808DC04D2,fixed,128,,0.191,,0.343,,0.82,,Cost,37280634371E42F291A6B1D906A430D6,
,Cost,27FB79E6FCAB4EC3AD108F33A417B9F3,2017-12-03 20:35:00.000,0F6BD6E53E9749CA9B1A2A648D741A5A,,,2017-12-03 20:35:00.000,0F6BD6E53E9749CA9B1A2A648D741A5A,,,,1,A,,0,0,,1,1,27FB79E6FCAB4EC3AD108F33A417B9F3,95475AE006E7415794BDC93808DC04D2,fixed,128,,0.15,,0.16,,0.18,,Cost,FCC580D88DC54FB4B9F091254AA8699C,
,Cost,282DD61E70E34A2EBEDB8E354DC03259,2017-12-03 20:35:00.000,0F6BD6E53E9749CA9B1A2A648D741A5A,,,2017-12-03 20:35:00.000,0F6BD6E53E9749CA9B1A2A648D741A5A,,,,1,A,,0,0,,1,1,282DD61E70E34A2EBEDB8E354DC03259,95475AE006E7415794BDC93808DC04D2,fixed,128,,0.88,,0.98,,1.05,,Cost,18600EFF66564595B3545D5638E6E446,
,Cost,284994DF1F4746B0BC91368EDA7271D5,2017-12-03 20:35:00.000,0F6BD6E53E9749CA9B1A2A648D741A5A,,,2017-12-03 20:35:00.000,0F6BD6E53E9749CA9B1A2A648D741A5A,,,,1,A,,0,0,,1,1,284994DF1F4746B0BC91368EDA7271D5,95475AE006E7415794BDC93808DC04D2,fixed,128,,0.05,,0.05,,0.05,,Cost,5CB59A4D2330437B80B982518B2B9901,
,Cost,29695F5B12B447EB8427F292054DA573,2017-12-03 20:35:00.000,0F6BD6E53E9749CA9B1A2A648D741A5A,,,2017-12-03 20:35:00.000,0F6BD6E53E9749CA9B1A2A648D741A5A,,,,1,A,,0,0,,1,1,29695F5B12B447EB8427F292054DA573,95475AE006E7415794BDC93808DC04D2,fixed,128,,0.154,,0.164,,0.175,,Cost,BE86A830E127448D9475F0B97B727284,
,Cost,2A6EC77A1C3145E39FB8BD3BF4FAD218,2017-12-03 20:35:00.000,0F6BD6E53E9749CA9B1A2A648D741A5A,,,2017-12-03 20:35:00.000,0F6BD6E53E9749CA9B1A2A648D741A5A,,,,1,A,,0,0,,1,1,2A6EC77A1C3145E39FB8BD3BF4FAD218,95475AE006E7415794BDC93808DC04D2,fixed,128,,5.35,,5.35,,5.35,,Cost,E19A6AADAC184E7EAFE52D563C561E0B,
,Cost,2AFC29EB06D54B2B9BD96B7F39CDB59C,2017-12-03 20:35:00.000,0F6BD6E53E9749CA9B1A2A648D741A5A,,,2017-12-03 20:35:00.000,0F6BD6E53E9749CA9B1A2A648D741A5A,,,,1,A,,0,0,,1,1,2AFC29EB06D54B2B9BD96B7F39CDB59C,95475AE006E7415794BDC93808DC04D2,fixed,128,,6.75,,6.75,,6.75,,Cost,DFA1AB798029407EA24BB494F6B2321C,
,Cost,2B440FAA38E54890A8A0BA1A2A11FAA2,2017-12-03 20:35:00.000,0F6BD6E53E9749CA9B1A2A648D741A5A,,,2017-12-03 20:35:00.000,0F6BD6E53E9749CA9B1A2A648D741A5A,,,,1,A,,0,0,,1,1,2B440FAA38E54890A8A0BA1A2A11FAA2,95475AE006E7415794BDC93808DC04D2,fixed,128,,230.4,,230.4,,230.4,,Cost,07E827B747AE43648AF8C47EAAA9DC16,
,Cost,2CCBBE1891324D3CBE5A6B143A410610,2017-12-03 20:35:00.000,0F6BD6E53E9749CA9B1A2A648D741A5A,,,2017-12-03 20:35:00.000,0F6BD6E53E9749CA9B1A2A648D741A5A,,,,1,A,,0,0,,1,1,2CCBBE1891324D3CBE5A6B143A410610,95475AE006E7415794BDC93808DC04D2,fixed,128,,9.74,,9.1,,8.75,,Cost,67279A7BB9884423AC4E41C4C1DA5B24,
,Cost,2DA2AF9EE3074F42A96F3F9F0551E64B,2017-12-03 20:35:00.000,0F6BD6E53E9749CA9B1A2A648D741A5A,,,2017-12-03 20:35:00.000,0F6BD6E53E9749CA9B1A2A648D741A5A,,,,1,A,,0,0,,1,1,2DA2AF9EE3074F42A96F3F9F0551E64B,95475AE006E7415794BDC93808DC04D2,fixed,128,,0.01,,0.01,,0.01,,Cost,0DA543DA8B5947DE99F54B39E6AC2357,
,Cost,2E43DA54247143EDB09B333B48B6FF6B,2017-12-03 20:35:00.000,0F6BD6E53E9749CA9B1A2A648D741A5A,,,2017-12-03 20:35:00.000,0F6BD6E53E9749CA9B1A2A648D741A5A,,,,1,A,,0,0,,1,1,2E43DA54247143EDB09B333B48B6FF6B,95475AE006E7415794BDC93808DC04D2,fixed,128,,,,,,,,Cost,6020DB29814C4D838E60D315A1C95E8C,
,Cost,302036389D734AD69C6612B8A9BBB54D,2017-12-03 20:35:00.000,0F6BD6E53E9749CA9B1A2A648D741A5A,,,2017-12-03 20:35:00.000,0F6BD6E53E9749CA9B1A2A648D741A5A,,,,1,A,,0,0,,1,1,302036389D734AD69C6612B8A9BBB54D,95475AE006E7415794BDC93808DC04D2,fixed,128,,0.365,,0.475,,0.5,,Cost,F31D3F16D03C4674A12BF5E34F74FE19,
,Cost,30272145804645A485E381528A492D58,2017-12-03 20:35:00.000,0F6BD6E53E9749CA9B1A2A648D741A5A,,,2017-12-03 20:35:00.000,0F6BD6E53E9749CA9B1A2A648D741A5A,,,,1,A,,0,0,,1,1,30272145804645A485E381528A492D58,95475AE006E7415794BDC93808DC04D2,fixed,128,,0.69,,0.82,,0.9,,Cost,E52079EBB4CA402AAF242F8662E63D5A,
,Cost,30BEFBAE3878403FBA4F4A8971EA3FC8,2017-12-03 20:35:00.000,0F6BD6E53E9749CA9B1A2A648D741A5A,,,2017-12-03 20:35:00.000,0F6BD6E53E9749CA9B1A2A648D741A5A,,,,1,A,,0,0,,1,1,30BEFBAE3878403FBA4F4A8971EA3FC8,95475AE006E7415794BDC93808DC04D2,fixed,128,,5.9,,5.96,,6.25,,Cost,9ECC245B665D40CCAB34646ADAA2D137,
,Cost,3293A59827624FEDA1C1672DCDCFC9F2,2017-12-03 20:35:00.000,0F6BD6E53E9749CA9B1A2A648D741A5A,,,2017-12-03 20:35:00.000,0F6BD6E53E9749CA9B1A2A648D741A5A,,,,1,A,,0,0,,1,1,3293A59827624FEDA1C1672DCDCFC9F2,95475AE006E7415794BDC93808DC04D2,fixed,128,,3.35,,3.35,,3.35,,Cost,FB0CB50C7C364AD8A692F6B2FF0EA76B,
,Cost,338BFF2582C1445CBD93BF751C7B57E0,2017-12-03 20:35:00.000,0F6BD6E53E9749CA9B1A2A648D741A5A,,,2017-12-03 20:35:00.000,0F6BD6E53E9749CA9B1A2A648D741A5A,,,,1,A,,0,0,,1,1,338BFF2582C1445CBD93BF751C7B57E0,5C07EB829D4241F6BB884952960FAF58,float,128,,0.09,,0.09,,0.11,,Cost,88E395B9E4DE40D5B531DD3551AFA76E,
,Cost,344F09803C694B44B3B404E0BE676C79,2017-12-03 20:35:00.000,0F6BD6E53E9749CA9B1A2A648D741A5A,,,2017-12-03 20:35:00.000,0F6BD6E53E9749CA9B1A2A648D741A5A,,,,1,A,,0,0,,1,1,344F09803C694B44B3B404E0BE676C79,5C07EB829D4241F6BB884952960FAF58,float,128,,0.11,,0.12,,0.14,,Cost,197ED5180918430CB338B48C97A118CB,
,Cost,34FD3C06C9CD42A4A8964A9349992C52,2017-12-03 20:35:00.000,0F6BD6E53E9749CA9B1A2A648D741A5A,,,2017-12-03 20:35:00.000,0F6BD6E53E9749CA9B1A2A648D741A5A,,,,1,A,,0,0,,1,1,34FD3C06C9CD42A4A8964A9349992C52,95475AE006E7415794BDC93808DC04D2,fixed,128,,,117.81,,,,,Cost,A8D5E839DF11472A86619F0E519134FE,
,Cost,35ADE8F5A56A4F6289A45D2801C7EC9A,2017-12-03 20:35:00.000,0F6BD6E53E9749CA9B1A2A648D741A5A,,,2017-12-03 20:35:00.000,0F6BD6E53E9749CA9B1A2A648D741A5A,,,,1,A,,0,0,,1,1,35ADE8F5A56A4F6289A45D2801C7EC9A,5C07EB829D4241F6BB884952960FAF58,float,128,,4.98,,6.26,,8.37,,Cost,B5FBA733945B4C2796DCC59A253897A5,
,Cost,370874BA3FE34053BBCF2AC3EB48FE67,2017-12-03 20:35:00.000,0F6BD6E53E9749CA9B1A2A648D741A5A,,,2017-12-03 20:35:00.000,0F6BD6E53E9749CA9B1A2A648D741A5A,,,,1,A,,0,0,,1,1,370874BA3FE34053BBCF2AC3EB48FE67,95475AE006E7415794BDC93808DC04D2,fixed,128,,3.45,,3.65,,4.85,,Cost,A131DD7D3ED744648DB7E11DFED891EC,
,Cost,375BEBF4DB024B66B7A4316AE714C0F9,2017-12-03 20:35:00.000,0F6BD6E53E9749CA9B1A2A648D741A5A,,,2017-12-03 20:35:00.000,0F6BD6E53E9749CA9B1A2A648D741A5A,,,,1,A,,0,0,,1,1,375BEBF4DB024B66B7A4316AE714C0F9,95475AE006E7415794BDC93808DC04D2,fixed,128,,,,0.0,,0.0,,Cost,7F4A5A08195A44B597212A1B68451D30,
,Cost,37C4436AB87F48A5ADC8BA95D581E271,2017-12-03 20:35:00.000,0F6BD6E53E9749CA9B1A2A648D741A5A,,,2017-12-03 20:35:00.000,0F6BD6E53E9749CA9B1A2A648D741A5A,,,,1,A,,0,0,,1,1,37C4436AB87F48A5ADC8BA95D581E271,95475AE006E7415794BDC93808DC04D2,fixed,128,,,9.9,,,,,Cost,9EF3CD4874C6451E8166FFF2605BFB71,
,Cost,38112151CF3C494DBAB0728484F8C63A,2017-12-03 20:35:00.000,0F6BD6E53E9749CA9B1A2A648D741A5A,,,2017-12-03 20:35:00.000,0F6BD6E53E9749CA9B1A2A648D741A5A,,,,1,A,,0,0,,1,1,38112151CF3C494DBAB0728484F8C63A,95475AE006E7415794BDC93808DC04D2,fixed,128,,3.87,,3.9,,3.85,,Cost,5B13D8E6502A43D0A19C237100A400A5,
,Cost,39D8629304104AB3A5B5B274C7EE6C66,2017-12-03 20:35:00.000,0F6BD6E53E9749CA9B1A2A648D741A5A,,,2017-12-03 20:35:00.000,0F6BD6E53E9749CA9B1A2A648D741A5A,,,,1,A,,0,0,,1,1,39D8629304104AB3A5B5B274C7EE6C66,95475AE006E7415794BDC93808DC04D2,fixed,128,,23.0,,23.0,,23.0,,Cost,BD1327F5BFB34F43ADBCAD996E4494B1,
,Cost,3A2DD9973411462AB3C93C898BA2B132,2017-12-03 20:35:00.000,0F6BD6E53E9749CA9B1A2A648D741A5A,,,2017-12-03 20:35:00.000,0F6BD6E53E9749CA9B1A2A648D741A5A,,,,1,A,,0,0,,1,1,3A2DD9973411462AB3C93C898BA2B132,95475AE006E7415794BDC93808DC04D2,fixed,128,,4.54,,4.54,,4.54,,Cost,05C374CDA229443D8AE292B96431DEBC,
,Cost,3A6FB7E095AC4736A2727B7C33C45E15,2017-12-03 20:35:00.000,0F6BD6E53E9749CA9B1A2A648D741A5A,,,2017-12-03 20:35:00.000,0F6BD6E53E9749CA9B1A2A648D741A5A,,,,1,A,,0,0,,1,1,3A6FB7E095AC4736A2727B7C33C45E15,95475AE006E7415794BDC93808DC04D2,fixed,128,,3.17,,3.35,,3.5,,Cost,60B80ED3B4664550B85D21D590EE88C6,
,Cost,3C60268F7B3C4AB7B119E566B251043D,2017-12-03 20:35:00.000,0F6BD6E53E9749CA9B1A2A648D741A5A,,,2017-12-03 20:35:00.000,0F6BD6E53E9749CA9B1A2A648D741A5A,,,,1,A,,0,0,,1,1,3C60268F7B3C4AB7B119E566B251043D,95475AE006E7415794BDC93808DC04D2,fixed,128,,0.135,,0.164,,0.24,,Cost,406792ADF7924AF78A7070A4DD2FA274,
,Cost,3D525189D35145429247028DB521914E,2017-12-03 20:35:00.000,0F6BD6E53E9749CA9B1A2A648D741A5A,,,2017-12-03 20:35:00.000,0F6BD6E53E9749CA9B1A2A648D741A5A,,,,1,A,,0,0,,1,1,3D525189D35145429247028DB521914E,95475AE006E7415794BDC93808DC04D2,fixed,128,,7.75,,7.75,,7.75,,Cost,11BB52561B524B27A3970BC7188C6854,
,Cost,3DC1BEEADBDE4FA0BDEE036B8CEB3733,2017-12-03 20:35:00.000,0F6BD6E53E9749CA9B1A2A648D741A5A,,,2017-12-03 20:35:00.000,0F6BD6E53E9749CA9B1A2A648D741A5A,,,,1,A,,0,0,,1,1,3DC1BEEADBDE4FA0BDEE036B8CEB3733,95475AE006E7415794BDC93808DC04D2,fixed,128,,,1.425,,,,,Cost,6CF4ADC43C0F47ECAF87A292349AE17B,
,Cost,3E722A4015144FE2B707AF895F8FCFA8,2021-03-15 21:02:57.683,AD30A6D8D3B642F5A2AFED1A4B02BEFA,,,2021-03-15 21:02:57.693,AD30A6D8D3B642F5A2AFED1A4B02BEFA,,,,1,A,,0,0,,1,1,3E722A4015144FE2B707AF895F8FCFA8,5C07EB829D4241F6BB884952960FAF58,float,128,,,61.43,,,,,Cost,793E1C139E074B8395173423026084C8,
,Cost,3EABE716BD6F44CB82BF69F021FAE661,2017-12-03 20:35:00.000,0F6BD6E53E9749CA9B1A2A648D741A5A,,,2017-12-03 20:35:00.000,0F6BD6E53E9749CA9B1A2A648D741A5A,,,,1,A,,0,0,,1,1,3EABE716BD6F44CB82BF69F021FAE661,95475AE006E7415794BDC93808DC04D2,fixed,128,,0.17,,0.18,,0.2,,Cost,4331B846DAD84C098B0B6842F91DD531,
,Cost,3EBDD682811B41C9A9E71D6FF584203A,2017-12-03 20:35:00.000,0F6BD6E53E9749CA9B1A2A648D741A5A,,,2017-12-03 20:35:00.000,0F6BD6E53E9749CA9B1A2A648D741A5A,,,,1,A,,0,0,,1,1,3EBDD682811B41C9A9E71D6FF584203A,95475AE006E7415794BDC93808DC04D2,fixed,128,,7.45,,7.58,,7.75,,Cost,A142500C32E3426C88EF9ECF3CCDE1F4,
,Cost,3F09D7C535DE442A8A4CD49B0AF120C7,2017-12-03 20:35:00.000,0F6BD6E53E9749CA9B1A2A648D741A5A,,,2017-12-03 20:35:00.000,0F6BD6E53E9749CA9B1A2A648D741A5A,,,,1,A,,0,0,,1,1,3F09D7C535DE442A8A4CD49B0AF120C7,95475AE006E7415794BDC93808DC04D2,fixed,128,,2.3,,2.37,,2.43,,Cost,8E0DDE8AEBAD46E7BBF0BAFECFF12C0B,
,Cost,401B3FEDA1B34238B87E8D2EEBF5F5CF,2017-12-03 20:35:00.000,0F6BD6E53E9749CA9B1A2A648D741A5A,,,2017-12-03 20:35:00.000,0F6BD6E53E9749CA9B1A2A648D741A5A,,,,1,A,,0,0,,1,1,401B3FEDA1B34238B87E8D2EEBF5F5CF,95475AE006E7415794BDC93808DC04D2,fixed,128,,6.5,,6.5,,6.5,,Cost,048B35C3F4354EF48034AB11BA603308,
,Cost,40521501A85249DA808FD330309A92A6,2017-12-03 20:35:00.000,0F6BD6E53E9749CA9B1A2A648D741A5A,,,2017-12-03 20:35:00.000,0F6BD6E53E9749CA9B1A2A648D741A5A,,,,1,A,,0,0,,1,1,40521501A85249DA808FD330309A92A6,5C07EB829D4241F6BB884952960FAF58,float,128,,0.15,,0.16,,0.18,,Cost,88496F679E334C7AA26685B07F0D4BBF,
,Cost,40DAF45D33E847C6BF0B74495EAB751E,2017-12-03 20:35:00.000,0F6BD6E53E9749CA9B1A2A648D741A5A,,,2017-12-03 20:35:00.000,0F6BD6E53E9749CA9B1A2A648D741A5A,,,,1,A,,0,0,,1,1,40DAF45D33E847C6BF0B74495EAB751E,95475AE006E7415794BDC93808DC04D2,fixed,128,,3.45,,3.65,,4.65,,Cost,25E3941DBCF5460EB8044C0E4A6B55CF,
,Cost,41B3C7BDF5F04FF6AB969FB9DD132A60,2017-12-03 20:35:00.000,0F6BD6E53E9749CA9B1A2A648D741A5A,,,2017-12-03 20:35:00.000,0F6BD6E53E9749CA9B1A2A648D741A5A,,,,1,A,,0,0,,1,1,41B3C7BDF5F04FF6AB969FB9DD132A60,95475AE006E7415794BDC93808DC04D2,fixed,128,,3.5,,3.5,,3.5,,Cost,2D967C7D1DC94B879770A5331D45E256,
,Cost,430CE7A2CADE449DBC33E15C2E09B5AF,2017-12-03 20:35:00.000,0F6BD6E53E9749CA9B1A2A648D741A5A,,,2017-12-03 20:35:00.000,0F6BD6E53E9749CA9B1A2A648D741A5A,,,,1,A,,0,0,,1,1,430CE7A2CADE449DBC33E15C2E09B5AF,95475AE006E7415794BDC93808DC04D2,fixed,128,,0.047,,0.053,,0.06,,Cost,A0F354B0E35D441C8A14D648FC697567,
,Cost,453349E4BF8542C6BED360E92F1512C5,2017-12-03 20:35:00.000,0F6BD6E53E9749CA9B1A2A648D741A5A,,,2017-12-03 20:35:00.000,0F6BD6E53E9749CA9B1A2A648D741A5A,,,,1,A,,0,0,,1,1,453349E4BF8542C6BED360E92F1512C5,95475AE006E7415794BDC93808DC04D2,fixed,128,,0.04,,0.04,,0.1,,Cost,125E900B5D6149DA9BA02BA7783C68BD,
,Cost,45EF7423462F46DCB0F0B40FC8013867,2017-12-03 20:35:00.000,0F6BD6E53E9749CA9B1A2A648D741A5A,,,2017-12-03 20:35:00.000,0F6BD6E53E9749CA9B1A2A648D741A5A,,,,1,A,,0,0,,1,1,45EF7423462F46DCB0F0B40FC8013867,95475AE006E7415794BDC93808DC04D2,fixed,128,,17.65,,18.25,,19.0,,Cost,F0BFAAD14FFB4DB48631D2499ED6A55C,
,Cost,46F0437132EF4116ACF156C21DF63F03,2017-12-03 20:35:00.000,0F6BD6E53E9749CA9B1A2A648D741A5A,,,2017-12-03 20:35:00.000,0F6BD6E53E9749CA9B1A2A648D741A5A,,,,1,A,,0,0,,1,1,46F0437132EF4116ACF156C21DF63F03,95475AE006E7415794BDC93808DC04D2,fixed,128,,0.103,,0.246,,0.38,,Cost,5EEC4BE9C8E142CB935538F8E091970C,
,Cost,47B23B3469CE4C94AC97DC98E01A035B,2017-12-03 20:35:00.000,0F6BD6E53E9749CA9B1A2A648D741A5A,,,2017-12-03 20:35:00.000,0F6BD6E53E9749CA9B1A2A648D741A5A,,,,1,A,,0,0,,1,1,47B23B3469CE4C94AC97DC98E01A035B,95475AE006E7415794BDC93808DC04D2,fixed,128,,4.98,,6.26,,8.37,,Cost,C642BFF9C8E646B9ADDC52AEDEA3C9E6,
,Cost,49BE7D9D5ED14C90BB2D1967F313E79D,2017-12-03 20:35:00.000,0F6BD6E53E9749CA9B1A2A648D741A5A,,,2017-12-03 20:35:00.000,0F6BD6E53E9749CA9B1A2A648D741A5A,,,,1,A,,0,0,,1,1,49BE7D9D5ED14C90BB2D1967F313E79D,95475AE006E7415794BDC93808DC04D2,fixed,128,,,242.315,,,,,Cost,01B2F67D451D491D84FD5209F44A8F35,
,Cost,4C562787C8884992920FFC607552C9AE,2017-12-03 20:35:00.000,0F6BD6E53E9749CA9B1A2A648D741A5A,,,2017-12-03 20:35:00.000,0F6BD6E53E9749CA9B1A2A648D741A5A,,,,1,A,,0,0,,1,1,4C562787C8884992920FFC607552C9AE,95475AE006E7415794BDC93808DC04D2,fixed,128,,0.656,,0.687,,0.97,,Cost,03DCBD82677B410491495758318D96DB,
,Cost,4E4C6C79FF184A1FA2D785D69321713D,2017-12-03 20:35:00.000,0F6BD6E53E9749CA9B1A2A648D741A5A,,,2017-12-03 20:35:00.000,0F6BD6E53E9749CA9B1A2A648D741A5A,,,,1,A,,0,0,,1,1,4E4C6C79FF184A1FA2D785D69321713D,95475AE006E7415794BDC93808DC04D2,fixed,128,,17.96,,18.25,,19.0,,Cost,FBF11A2028BB4C9EA7E3CDCAD0DF5031,
,Cost,505E7ED524D54BB2A719CBADA0A31127,2017-12-03 20:35:00.000,0F6BD6E53E9749CA9B1A2A648D741A5A,,,2017-12-03 20:35:00.000,0F6BD6E53E9749CA9B1A2A648D741A5A,,,,1,A,,0,0,,1,1,505E7ED524D54BB2A719CBADA0A31127,95475AE006E7415794BDC93808DC04D2,fixed,128,,,2324.029,,,,,Cost,83890B1872744031BBB8EC2DBC37D5C6,
,Cost,52D4192D2B234E93970991A39F7EF1A0,2017-12-03 20:35:00.000,0F6BD6E53E9749CA9B1A2A648D741A5A,,,2017-12-03 20:35:00.000,0F6BD6E53E9749CA9B1A2A648D741A5A,,,,1,A,,0,0,,1,1,52D4192D2B234E93970991A39F7EF1A0,95475AE006E7415794BDC93808DC04D2,fixed,128,,0.04,,0.04,,0.04,,Cost,76888E2639AD4B998AD492DBB1107753,
,Cost,5305197A400A445EA7A57D109F5946A0,2017-12-03 20:35:00.000,0F6BD6E53E9749CA9B1A2A648D741A5A,,,2017-12-03 20:35:00.000,0F6BD6E53E9749CA9B1A2A648D741A5A,,,,1,A,,0,0,,1,1,5305197A400A445EA7A57D109F5946A0,95475AE006E7415794BDC93808DC04D2,fixed,128,,,395.48,,,,,Cost,526C66B626B64BCB869ACBB083A900A3,
,Cost,53C7FA82117B43CC9DB6D01419F88E21,2017-12-03 20:35:00.000,0F6BD6E53E9749CA9B1A2A648D741A5A,,,2017-12-03 20:35:00.000,0F6BD6E53E9749CA9B1A2A648D741A5A,,,,1,A,,0,0,,1,1,53C7FA82117B43CC9DB6D01419F88E21,95475AE006E7415794BDC93808DC04D2,fixed,128,,0.03,,0.03,,0.03,,Cost,3DEB292D0C9F4AFD993B948F8DE603E8,
,Cost,53CAEE6276F948B3881AE15142F3CD48,2017-12-03 20:35:00.000,0F6BD6E53E9749CA9B1A2A648D741A5A,,,2017-12-03 20:35:00.000,0F6BD6E53E9749CA9B1A2A648D741A5A,,,,1,A,,0,0,,1,1,53CAEE6276F948B3881AE15142F3CD48,95475AE006E7415794BDC93808DC04D2,hard_fixed,128,,,,,,,,Cost,39CB2792B428432490200368B87DE9CA,
,Cost,544BF6BC83064337B4458E73AC6B7A7A,2017-12-03 20:35:00.000,0F6BD6E53E9749CA9B1A2A648D741A5A,,,2017-12-03 20:35:00.000,0F6BD6E53E9749CA9B1A2A648D741A5A,,,,1,A,,0,0,,1,1,544BF6BC83064337B4458E73AC6B7A7A,95475AE006E7415794BDC93808DC04D2,hard_fixed,128,,,,,,,,Cost,B9F8E908144948E48A1747AD88716D02,
,Cost,55EC80DC3C6140BAB82D254577E515D1,2017-12-03 20:35:00.000,0F6BD6E53E9749CA9B1A2A648D741A5A,,,2017-12-03 20:35:00.000,0F6BD6E53E9749CA9B1A2A648D741A5A,,,,1,A,,0,0,,1,1,55EC80DC3C6140BAB82D254577E515D1,95475AE006E7415794BDC93808DC04D2,fixed,128,,0.11,,0.13,,0.14,,Cost,A80E5813B46441C894DBB5D55C0EA39F,
,Cost,56E4F6D807F24C89A236C56D03735179,2017-12-03 20:35:00.000,0F6BD6E53E9749CA9B1A2A648D741A5A,,,2017-12-03 20:35:00.000,0F6BD6E53E9749CA9B1A2A648D741A5A,,,,1,A,,0,0,,1,1,56E4F6D807F24C89A236C56D03735179,95475AE006E7415794BDC93808DC04D2,fixed,128,,5.39,,5.45,,6.23,,Cost,BE3E46EFDCC9401582B728D477930A33,
,Cost,5795364B9BF443A799A62FB438C80DA6,2017-12-03 20:35:00.000,0F6BD6E53E9749CA9B1A2A648D741A5A,,,2017-12-03 20:35:00.000,0F6BD6E53E9749CA9B1A2A648D741A5A,,,,1,A,,0,0,,1,1,5795364B9BF443A799A62FB438C80DA6,95475AE006E7415794BDC93808DC04D2,fixed,128,,2.42,,3.05,,3.47,,Cost,B7FDD251BCAD40F29325E48C7F99D385,
,Cost,5806F9964F7044FA82CE7E1C47B4529D,2017-12-03 20:35:00.000,0F6BD6E53E9749CA9B1A2A648D741A5A,,,2017-12-03 20:35:00.000,0F6BD6E53E9749CA9B1A2A648D741A5A,,,,1,A,,0,0,,1,1,5806F9964F7044FA82CE7E1C47B4529D,95475AE006E7415794BDC93808DC04D2,fixed,128,,0.08,,0.08,,0.08,,Cost,244A8D77406E413A8D2BDC21558327CB,
,Cost,58B0DE44826148589F66059661ABBAE4,2017-12-03 20:35:00.000,0F6BD6E53E9749CA9B1A2A648D741A5A,,,2017-12-03 20:35:00.000,0F6BD6E53E9749CA9B1A2A648D741A5A,,,,1,A,,0,0,,1,1,58B0DE44826148589F66059661ABBAE4,95475AE006E7415794BDC93808DC04D2,fixed,128,,7.45,,7.48,,7.75,,Cost,D00163AB045542CD8F0360E72918000E,
,Cost,5C37B84B4C7F452E93C942078EAB0505,2017-12-03 20:35:00.000,0F6BD6E53E9749CA9B1A2A648D741A5A,,,2017-12-03 20:35:00.000,0F6BD6E53E9749CA9B1A2A648D741A5A,,,,1,A,,0,0,,1,1,5C37B84B4C7F452E93C942078EAB0505,5C07EB829D4241F6BB884952960FAF58,float,128,,0.11,,0.12,,0.14,,Cost,1E46FC1E194E4124873FF9B30101D762,
,Cost,5F171D9D23304543918A67659C26AAE6,2017-12-03 20:35:00.000,0F6BD6E53E9749CA9B1A2A648D741A5A,,,2017-12-03 20:35:00.000,0F6BD6E53E9749CA9B1A2A648D741A5A,,,,1,A,,0,0,,1,1,5F171D9D23304543918A67659C26AAE6,95475AE006E7415794BDC93808DC04D2,fixed,128,,5.75,,5.75,,5.75,,Cost,F1E4DC882E0D4848B69D4B9F55EC4DBA,
,Cost,5F606DB6EA2B4C1FB7F93C831DA3478F,2021-03-15 21:02:57.407,AD30A6D8D3B642F5A2AFED1A4B02BEFA,,,2021-03-15 21:02:57.413,AD30A6D8D3B642F5A2AFED1A4B02BEFA,,,,1,A,,0,0,,1,1,5F606DB6EA2B4C1FB7F93C831DA3478F,5C07EB829D4241F6BB884952960FAF58,float,128,,,48.44,,,,,Cost,285C1BB764CA40A9BF0B88BB13E02598,
,Cost,62EB11632BC94ED1BF03DA60A5FCF167,2017-12-03 20:35:00.000,0F6BD6E53E9749CA9B1A2A648D741A5A,,,2017-12-03 20:35:00.000,0F6BD6E53E9749CA9B1A2A648D741A5A,,,,1,A,,0,0,,1,1,62EB11632BC94ED1BF03DA60A5FCF167,95475AE006E7415794BDC93808DC04D2,fixed,128,,0.97,,1.09,,1.15,,Cost,E36D6A2C94564D1CA7E036DE3BF9C87F,
,Cost,63FB67AA17154220AA8DAFE986DECF32,2017-12-03 20:35:00.000,0F6BD6E53E9749CA9B1A2A648D741A5A,,,2017-12-03 20:35:00.000,0F6BD6E53E9749CA9B1A2A648D741A5A,,,,1,A,,0,0,,1,1,63FB67AA17154220AA8DAFE986DECF32,95475AE006E7415794BDC93808DC04D2,fixed,128,,0.198,,0.24,,0.59,,Cost,45A9523A26994917830B9F97A0962155,
,Cost,651B2B1AA6404A26A72EEFA13992AEE7,2021-03-15 21:03:10.960,AD30A6D8D3B642F5A2AFED1A4B02BEFA,,,2021-03-15 21:03:10.967,AD30A6D8D3B642F5A2AFED1A4B02BEFA,,,,1,A,,0,0,,1,1,651B2B1AA6404A26A72EEFA13992AEE7,5C07EB829D4241F6BB884952960FAF58,float,128,,,,,,,,Cost,9B902DB0F7D0400DB778A54CF32683E2,
,Cost,6661DE4EAD834EDD82E4225726100FA3,2017-12-03 20:35:00.000,0F6BD6E53E9749CA9B1A2A648D741A5A,,,2017-12-03 20:35:00.000,0F6BD6E53E9749CA9B1A2A648D741A5A,,,,1,A,,0,0,,1,1,6661DE4EAD834EDD82E4225726100FA3,95475AE006E7415794BDC93808DC04D2,fixed,128,,6.0,,6.0,,6.0,,Cost,10A19507C6B14AE7A74812358C7B6130,
,Cost,6825380A1EBA40B19F373D7D84831A3B,2017-12-03 20:35:00.000,0F6BD6E53E9749CA9B1A2A648D741A5A,,,2017-12-03 20:35:00.000,0F6BD6E53E9749CA9B1A2A648D741A5A,,,,1,A,,0,0,,1,1,6825380A1EBA40B19F373D7D84831A3B,95475AE006E7415794BDC93808DC04D2,fixed,128,,3.75,,3.75,,3.75,,Cost,E84C3527841D489B9E288DAE57C97CFA,
,Cost,6876F798AC3F472B88937737088994EF,2017-12-03 20:35:00.000,0F6BD6E53E9749CA9B1A2A648D741A5A,,,2017-12-03 20:35:00.000,0F6BD6E53E9749CA9B1A2A648D741A5A,,,,1,A,,0,0,,1,1,6876F798AC3F472B88937737088994EF,95475AE006E7415794BDC93808DC04D2,fixed,128,,8.31,,8.31,,8.31,,Cost,716E5777B3EB47368F424B9381975A92,
,Cost,688704611FFA434AA34FD6C2D3032CB7,2017-12-03 20:35:00.000,0F6BD6E53E9749CA9B1A2A648D741A5A,,,2017-12-03 20:35:00.000,0F6BD6E53E9749CA9B1A2A648D741A5A,,,,1,A,,0,0,,1,1,688704611FFA434AA34FD6C2D3032CB7,95475AE006E7415794BDC93808DC04D2,fixed,128,,0.09,,0.11,,0.12,,Cost,CEBFC57F9458406D985F44D544AA404F,
,Cost,699896720AE6484FB91034CD627D36CA,2017-12-03 20:35:00.000,0F6BD6E53E9749CA9B1A2A648D741A5A,,,2017-12-03 20:35:00.000,0F6BD6E53E9749CA9B1A2A648D741A5A,,,,1,A,,0,0,,1,1,699896720AE6484FB91034CD627D36CA,95475AE006E7415794BDC93808DC04D2,fixed,128,,1.67,,1.67,,1.67,,Cost,C2D5BC4B7C7A4E609E3357AB11222601,
,Cost,6A53C4FADA09463D97C6F30DA6E9B0FA,2021-03-15 21:02:57.497,AD30A6D8D3B642F5A2AFED1A4B02BEFA,,,2021-03-15 21:02:57.500,AD30A6D8D3B642F5A2AFED1A4B02BEFA,,,,1,A,,0,0,,1,1,6A53C4FADA09463D97C6F30DA6E9B0FA,5C07EB829D4241F6BB884952960FAF58,float,128,,,443.5369,,,,,Cost,9A7D49A912214B588EC80CECCCD8587C,
,Cost,6ABA87FE4B9C4ECD98E674ACF72128B0,2017-12-03 20:35:00.000,0F6BD6E53E9749CA9B1A2A648D741A5A,,,2017-12-03 20:35:00.000,0F6BD6E53E9749CA9B1A2A648D741A5A,,,,1,A,,0,0,,1,1,6ABA87FE4B9C4ECD98E674ACF72128B0,95475AE006E7415794BDC93808DC04D2,fixed,128,,0.015,,0.015,,0.015,,Cost,D7AA1FEA74E24F45BE593416D955BD9F,
,Cost,6B8A54FDF03647E9BB7734A18D59BC6E,2017-12-03 20:35:00.000,0F6BD6E53E9749CA9B1A2A648D741A5A,,,2017-12-03 20:35:00.000,0F6BD6E53E9749CA9B1A2A648D741A5A,,,,1,A,,0,0,,1,1,6B8A54FDF03647E9BB7734A18D59BC6E,95475AE006E7415794BDC93808DC04D2,fixed,128,,5.9,,5.96,,6.25,,Cost,EE1F23A7DD2A429EAC6ED5E231FC433A,
,Cost,6C6813C4609B4A7F9335CE4E7AB420CE,2017-12-03 20:35:00.000,0F6BD6E53E9749CA9B1A2A648D741A5A,,,2017-12-03 20:35:00.000,0F6BD6E53E9749CA9B1A2A648D741A5A,,,,1,A,,0,0,,1,1,6C6813C4609B4A7F9335CE4E7AB420CE,95475AE006E7415794BDC93808DC04D2,fixed,128,,4.75,,4.75,,4.75,,Cost,951B2EBD9D544AD79BDD1A0603FAA4A3,
,Cost,6D5AB35A74ED4DFF8E9CEE011F6778D6,2017-12-03 20:35:00.000,0F6BD6E53E9749CA9B1A2A648D741A5A,,,2017-12-03 20:35:00.000,0F6BD6E53E9749CA9B1A2A648D741A5A,,,,1,A,,0,0,,1,1,6D5AB35A74ED4DFF8E9CEE011F6778D6,95475AE006E7415794BDC93808DC04D2,fixed,128,,0.6175,,0.7,,0.75,,Cost,ECADE8078F1746EB8F6143561F7D4385,
,Cost,6F697875361B40118C212E9ED7EEFDB5,2017-12-03 20:35:00.000,0F6BD6E53E9749CA9B1A2A648D741A5A,,,2017-12-03 20:35:00.000,0F6BD6E53E9749CA9B1A2A648D741A5A,,,,1,A,,0,0,,1,1,6F697875361B40118C212E9ED7EEFDB5,95475AE006E7415794BDC93808DC04D2,fixed,128,,0.025,,0.025,,0.025,,Cost,3620D4920F0E4293B571FA64E256C558,
,Cost,704B1D81627B4644B84A21A71A75372D,2017-12-03 20:35:00.000,0F6BD6E53E9749CA9B1A2A648D741A5A,,,2017-12-03 20:35:00.000,0F6BD6E53E9749CA9B1A2A648D741A5A,,,,1,A,,0,0,,1,1,704B1D81627B4644B84A21A71A75372D,95475AE006E7415794BDC93808DC04D2,fixed,128,,3.45,,3.65,,4.85,,Cost,92F838B911A249809DAC9633CFCABA0C,
,Cost,7074FC380E8047E7A6396A94F5E72047,2017-12-03 20:35:00.000,0F6BD6E53E9749CA9B1A2A648D741A5A,,,2017-12-03 20:35:00.000,0F6BD6E53E9749CA9B1A2A648D741A5A,,,,1,A,,0,0,,1,1,7074FC380E8047E7A6396A94F5E72047,95475AE006E7415794BDC93808DC04D2,fixed,128,,0.63,,0.68,,0.73,,Cost,3A972DCC9F8643829B3E8FDF4A2C17A9,
,Cost,70FB8523B65041FC830760C438C83BF8,2017-12-03 20:35:00.000,0F6BD6E53E9749CA9B1A2A648D741A5A,,,2017-12-03 20:35:00.000,0F6BD6E53E9749CA9B1A2A648D741A5A,,,,1,A,,0,0,,1,1,70FB8523B65041FC830760C438C83BF8,95475AE006E7415794BDC93808DC04D2,fixed,128,,0.62,,0.61,,0.59,,Cost,1995FDAE00EE4D88AC762AA1BF404075,
,Cost,710CDBA1102A497880C307FC9B244CAF,2017-12-03 20:35:00.000,0F6BD6E53E9749CA9B1A2A648D741A5A,,,2017-12-03 20:35:00.000,0F6BD6E53E9749CA9B1A2A648D741A5A,,,,1,A,,0,0,,1,1,710CDBA1102A497880C307FC9B244CAF,95475AE006E7415794BDC93808DC04D2,fixed,128,,1.8,,1.85,,2.0,,Cost,1A8DD513009C47789DCB8BDF9937DA4A,
,Cost,7195486A826141F7A63FDD9D808CAB2F,2017-12-03 20:35:00.000,0F6BD6E53E9749CA9B1A2A648D741A5A,,,2017-12-03 20:35:00.000,0F6BD6E53E9749CA9B1A2A648D741A5A,,,,1,A,,0,0,,1,1,7195486A826141F7A63FDD9D808CAB2F,95475AE006E7415794BDC93808DC04D2,fixed,128,,,73.8,,,,,Cost,052B70BA995D47CF834EF103CCE0D85E,
,Cost,72839697906C4176B7AC0EC9079AB928,2017-12-03 20:35:00.000,0F6BD6E53E9749CA9B1A2A648D741A5A,,,2017-12-03 20:35:00.000,0F6BD6E53E9749CA9B1A2A648D741A5A,,,,1,A,,0,0,,1,1,72839697906C4176B7AC0EC9079AB928,95475AE006E7415794BDC93808DC04D2,fixed,128,,5.29,,5.48,,5.53,,Cost,1906C46491C0445889D8A828248EF1F8,
,Cost,76E45D6E4779498985676241FC517170,2017-12-03 20:35:00.000,0F6BD6E53E9749CA9B1A2A648D741A5A,,,2017-12-03 20:35:00.000,0F6BD6E53E9749CA9B1A2A648D741A5A,,,,1,A,,0,0,,1,1,76E45D6E4779498985676241FC517170,95475AE006E7415794BDC93808DC04D2,fixed,128,,4.15,,4.15,,4.15,,Cost,09D925EEE1614683BEDF9F2FEF996B23,
,Cost,76EDB1D8BB1645A68DBCAA9434B3CE7D,2017-12-03 20:35:00.000,0F6BD6E53E9749CA9B1A2A648D741A5A,,,2017-12-03 20:35:00.000,0F6BD6E53E9749CA9B1A2A648D741A5A,,,,1,A,,0,0,,1,1,76EDB1D8BB1645A68DBCAA9434B3CE7D,95475AE006E7415794BDC93808DC04D2,fixed,128,,2.59,,2.67,,2.75,,Cost,6E214A35594C42E2B23A0436022DE3D9,
,Cost,78B6AD195D24400A99DF216C82A98544,2017-12-03 20:35:00.000,0F6BD6E53E9749CA9B1A2A648D741A5A,,,2017-12-03 20:35:00.000,0F6BD6E53E9749CA9B1A2A648D741A5A,,,,1,A,,0,0,,1,1,78B6AD195D24400A99DF216C82A98544,95475AE006E7415794BDC93808DC04D2,fixed,128,,1.61,,1.75,,2.0,,Cost,3566D143207046E2BBF63708012F4C97,
,Cost,78CF94719D6C492EBD7090F134819F7C,2017-12-03 20:35:00.000,0F6BD6E53E9749CA9B1A2A648D741A5A,,,2017-12-03 20:35:00.000,0F6BD6E53E9749CA9B1A2A648D741A5A,,,,1,A,,0,0,,1,1,78CF94719D6C492EBD7090F134819F7C,95475AE006E7415794BDC93808DC04D2,fixed,128,,0.19,,0.19,,0.22,,Cost,5782171FADC14CA5B8DC988ACA435617,
,Cost,7912D2657174469E8D131593F95692EE,2017-12-03 20:35:00.000,0F6BD6E53E9749CA9B1A2A648D741A5A,,,2017-12-03 20:35:00.000,0F6BD6E53E9749CA9B1A2A648D741A5A,,,,1,A,,0,0,,1,1,7912D2657174469E8D131593F95692EE,95475AE006E7415794BDC93808DC04D2,fixed,128,,2.02,,2.07,,2.15,,Cost,1C8EEDC07A6345EC8B07F9031AEDDA46,
,Cost,7A1AADA0D9F84EAA96416EF986C9290E,2017-12-03 20:35:00.000,0F6BD6E53E9749CA9B1A2A648D741A5A,,,2017-12-03 20:35:00.000,0F6BD6E53E9749CA9B1A2A648D741A5A,,,,1,A,,0,0,,1,1,7A1AADA0D9F84EAA96416EF986C9290E,95475AE006E7415794BDC93808DC04D2,fixed,128,,3.91,,4.21,,4.97,,Cost,87F30D74CE024841A602B654DB87730A,
,Cost,7A4DC7E856324CB38DFF4C7F44B8B031,2017-12-03 20:35:00.000,0F6BD6E53E9749CA9B1A2A648D741A5A,,,2017-12-03 20:35:00.000,0F6BD6E53E9749CA9B1A2A648D741A5A,,,,1,A,,0,0,,1,1,7A4DC7E856324CB38DFF4C7F44B8B031,95475AE006E7415794BDC93808DC04D2,fixed,128,,2.45,,2.65,,3.75,,Cost,799A51B95676484691318B717A02B680,
,Cost,7D4FCC87E39F4AE89A8AF321AB7C96DE,2017-12-03 20:35:00.000,0F6BD6E53E9749CA9B1A2A648D741A5A,,,2017-12-03 20:35:00.000,0F6BD6E53E9749CA9B1A2A648D741A5A,,,,1,A,,0,0,,1,1,7D4FCC87E39F4AE89A8AF321AB7C96DE,95475AE006E7415794BDC93808DC04D2,fixed,128,,1.78,,1.83,,2.15,,Cost,1F343F6E90B342109E01B3DBD26A1A98,
,Cost,7DFD9026C91F4A8BB387AFB5B262C68B,2017-12-03 20:35:00.000,0F6BD6E53E9749CA9B1A2A648D741A5A,,,2017-12-03 20:35:00.000,0F6BD6E53E9749CA9B1A2A648D741A5A,,,,1,A,,0,0,,1,1,7DFD9026C91F4A8BB387AFB5B262C68B,95475AE006E7415794BDC93808DC04D2,fixed,128,,4.75,,4.75,,4.75,,Cost,32CAB391549C40BD90461997B0E75FA2,
,Cost,7E705EBC95C641CC8767BE13842EE489,2017-12-03 20:35:00.000,0F6BD6E53E9749CA9B1A2A648D741A5A,,,2017-12-03 20:35:00.000,0F6BD6E53E9749CA9B1A2A648D741A5A,,,,1,A,,0,0,,1,1,7E705EBC95C641CC8767BE13842EE489,95475AE006E7415794BDC93808DC04D2,fixed,128,,8.85,,8.99,,9.25,,Cost,BD7B0236D257449EA231F1E09E763D93,
,Cost,7E81E7ADFA2247D29138BBC038A69192,2017-12-03 20:35:00.000,0F6BD6E53E9749CA9B1A2A648D741A5A,,,2017-12-03 20:35:00.000,0F6BD6E53E9749CA9B1A2A648D741A5A,,,,1,A,,0,0,,1,1,7E81E7ADFA2247D29138BBC038A69192,95475AE006E7415794BDC93808DC04D2,fixed,128,,0.26,,0.26,,0.26,,Cost,94231BB5B5B244CD91485F7F3F1DC667,
,Cost,7F711802C3724F92BCC0E82CAA1BB055,2017-12-03 20:35:00.000,0F6BD6E53E9749CA9B1A2A648D741A5A,,,2017-12-03 20:35:00.000,0F6BD6E53E9749CA9B1A2A648D741A5A,,,,1,A,,0,0,,1,1,7F711802C3724F92BCC0E82CAA1BB055,95475AE006E7415794BDC93808DC04D2,fixed,128,,0.26,,0.27,,0.28,,Cost,C7F7F43D7CC148B6B8A2C3E204A6A631,
,Cost,8048978425C34D99BED61E62087ADA62,2017-12-03 20:35:00.000,0F6BD6E53E9749CA9B1A2A648D741A5A,,,2017-12-03 20:35:00.000,0F6BD6E53E9749CA9B1A2A648D741A5A,,,,1,A,,0,0,,1,1,8048978425C34D99BED61E62087ADA62,95475AE006E7415794BDC93808DC04D2,fixed,128,,2.59,,2.67,,2.75,,Cost,2DDC79EA26CB49DE974088C3D64369B5,
,Cost,807496E433854D5A8D4669B224A390E8,2017-12-03 20:35:00.000,0F6BD6E53E9749CA9B1A2A648D741A5A,,,2017-12-03 20:35:00.000,0F6BD6E53E9749CA9B1A2A648D741A5A,,,,1,A,,0,0,,1,1,807496E433854D5A8D4669B224A390E8,95475AE006E7415794BDC93808DC04D2,fixed,128,,22.1,,22.5,,23.0,,Cost,29700480275442B2A9F94C18F8ABEEEA,
,Cost,8126F034A3DA4C6587C76B48681160ED,2017-12-03 20:35:00.000,0F6BD6E53E9749CA9B1A2A648D741A5A,,,2017-12-03 20:35:00.000,0F6BD6E53E9749CA9B1A2A648D741A5A,,,,1,A,,0,0,,1,1,8126F034A3DA4C6587C76B48681160ED,95475AE006E7415794BDC93808DC04D2,fixed,128,,4.74,,4.74,,4.74,,Cost,1AD8E9CD891D417685168555202E051B,
,Cost,8248F867C14341ECAF508AFF4AFB92C5,2017-12-03 20:35:00.000,0F6BD6E53E9749CA9B1A2A648D741A5A,,,2017-12-03 20:35:00.000,0F6BD6E53E9749CA9B1A2A648D741A5A,,,,1,A,,0,0,,1,1,8248F867C14341ECAF508AFF4AFB92C5,95475AE006E7415794BDC93808DC04D2,fixed,128,,1.76,,1.77,,1.85,,Cost,BF77C9D47C334C31AB4358BEE5E1D5EE,
,Cost,83C9026F4B814426AB53E76DB2B874D9,2017-12-03 20:35:00.000,0F6BD6E53E9749CA9B1A2A648D741A5A,,,2017-12-03 20:35:00.000,0F6BD6E53E9749CA9B1A2A648D741A5A,,,,1,A,,0,0,,1,1,83C9026F4B814426AB53E76DB2B874D9,95475AE006E7415794BDC93808DC04D2,fixed,128,,0.06,,0.06,,0.06,,Cost,D1C5E05722444C3CBF5A698947DD27C5,
,Cost,83D7D106C17049F1969878128BD1D0D4,2017-12-03 20:35:00.000,0F6BD6E53E9749CA9B1A2A648D741A5A,,,2017-12-03 20:35:00.000,0F6BD6E53E9749CA9B1A2A648D741A5A,,,,1,A,,0,0,,1,1,83D7D106C17049F1969878128BD1D0D4,95475AE006E7415794BDC93808DC04D2,fixed,128,,84.6,,84.6,,84.6,,Cost,5C2D1B651E4442819BAD4C4818EDA25A,
,Cost,867C11EE4F874EBBAC1BF44B959A760F,2017-12-03 20:35:00.000,0F6BD6E53E9749CA9B1A2A648D741A5A,,,2017-12-03 20:35:00.000,0F6BD6E53E9749CA9B1A2A648D741A5A,,,,1,A,,0,0,,1,1,867C11EE4F874EBBAC1BF44B959A760F,95475AE006E7415794BDC93808DC04D2,fixed,128,,0.419,,0.483,,0.5,,Cost,0E41EABB155B4380A95A661780B839D8,
,Cost,879D720BE5E34E698A48EDF589A7CE46,2017-12-03 20:35:00.000,0F6BD6E53E9749CA9B1A2A648D741A5A,,,2017-12-03 20:35:00.000,0F6BD6E53E9749CA9B1A2A648D741A5A,,,,1,A,,0,0,,1,1,879D720BE5E34E698A48EDF589A7CE46,95475AE006E7415794BDC93808DC04D2,fixed,128,,,5.68,,,,,Cost,731FC75EC97642ED9DEB270AB0F0B505,
,Cost,880363045940463398C49BB695609236,2017-12-03 20:35:00.000,0F6BD6E53E9749CA9B1A2A648D741A5A,,,2017-12-03 20:35:00.000,0F6BD6E53E9749CA9B1A2A648D741A5A,,,,1,A,,0,0,,1,1,880363045940463398C49BB695609236,95475AE006E7415794BDC93808DC04D2,fixed,128,,0.09,,0.09,,0.11,,Cost,99BC12E7341C440DBE5F5F038ACF9007,
,Cost,8922F9BE3EF948DAB588FBD7C24ABED4,2017-12-03 20:35:00.000,0F6BD6E53E9749CA9B1A2A648D741A5A,,,2017-12-03 20:35:00.000,0F6BD6E53E9749CA9B1A2A648D741A5A,,,,1,A,,0,0,,1,1,8922F9BE3EF948DAB588FBD7C24ABED4,95475AE006E7415794BDC93808DC04D2,hard_fixed,128,,,,,,,,Cost,5620EAB3E6F34A4C9B02F753C484AEBB,
,Cost,89FB2847CCDD493DAF7F35BCE31C59EB,2017-12-03 20:35:00.000,0F6BD6E53E9749CA9B1A2A648D741A5A,,,2017-12-03 20:35:00.000,0F6BD6E53E9749CA9B1A2A648D741A5A,,,,1,A,,0,0,,1,1,89FB2847CCDD493DAF7F35BCE31C59EB,95475AE006E7415794BDC93808DC04D2,fixed,128,,4.41,,4.91,,5.58,,Cost,8C4BC52979C4441DB58B7268AB4FF79D,
,Cost,8A51A99DDCF7446B86D4551BF48AC63F,2017-12-03 20:35:00.000,0F6BD6E53E9749CA9B1A2A648D741A5A,,,2017-12-03 20:35:00.000,0F6BD6E53E9749CA9B1A2A648D741A5A,,,,1,A,,0,0,,1,1,8A51A99DDCF7446B86D4551BF48AC63F,95475AE006E7415794BDC93808DC04D2,fixed,128,,0.14,,0.14,,0.14,,Cost,9984D6FD199046A59C5B1D62D0569B55,
,Cost,8BB1732D9077420F927E1F3E3D87DB03,2017-12-03 20:35:00.000,0F6BD6E53E9749CA9B1A2A648D741A5A,,,2017-12-03 20:35:00.000,0F6BD6E53E9749CA9B1A2A648D741A5A,,,,1,A,,0,0,,1,1,8BB1732D9077420F927E1F3E3D87DB03,95475AE006E7415794BDC93808DC04D2,fixed,128,,4.74,,4.74,,4.74,,Cost,6BF132C3031B452C9CB8D16AACEEB6FF,
,Cost,8BE594A6A1EA4293A795F3EFCB2E1C75,2017-12-03 20:35:00.000,0F6BD6E53E9749CA9B1A2A648D741A5A,,,2017-12-03 20:35:00.000,0F6BD6E53E9749CA9B1A2A648D741A5A,,,,1,A,,0,0,,1,1,8BE594A6A1EA4293A795F3EFCB2E1C75,95475AE006E7415794BDC93808DC04D2,fixed,128,,0.06,,0.627,,0.065,,Cost,53FC97F610FF4C28934334957D2F69AE,
,Cost,8DA87EFF22D045F4A046BEA4B0B48380,2017-12-03 20:35:00.000,0F6BD6E53E9749CA9B1A2A648D741A5A,,,2017-12-03 20:35:00.000,0F6BD6E53E9749CA9B1A2A648D741A5A,,,,1,A,,0,0,,1,1,8DA87EFF22D045F4A046BEA4B0B48380,95475AE006E7415794BDC93808DC04D2,fixed,128,,12.5,,12.5,,12.5,,Cost,D37883BCB6FD4DC6AE55F9D9F1CC2931,
,Cost,8DAEB8FAE61D47369370911F219298C3,2017-12-03 20:35:00.000,0F6BD6E53E9749CA9B1A2A648D741A5A,,,2017-12-03 20:35:00.000,0F6BD6E53E9749CA9B1A2A648D741A5A,,,,1,A,,0,0,,1,1,8DAEB8FAE61D47369370911F219298C3,95475AE006E7415794BDC93808DC04D2,fixed,128,,35.78,,36.1,,37.45,,Cost,AE2B508EBB3A4077A63A3A10140157FF,
,Cost,90A67282D2CD469A81C4829C26CABCD3,2017-12-03 20:35:00.000,0F6BD6E53E9749CA9B1A2A648D741A5A,,,2017-12-03 20:35:00.000,0F6BD6E53E9749CA9B1A2A648D741A5A,,,,1,A,,0,0,,1,1,90A67282D2CD469A81C4829C26CABCD3,95475AE006E7415794BDC93808DC04D2,fixed,128,,0.25,,0.25,,0.25,,Cost,1398E942DAB948BAA7E0FAEAE04BA921,
,Cost,9354815758964D92A238C7E9B8DD7A60,2017-12-03 20:35:00.000,0F6BD6E53E9749CA9B1A2A648D741A5A,,,2017-12-03 20:35:00.000,0F6BD6E53E9749CA9B1A2A648D741A5A,,,,1,A,,0,0,,1,1,9354815758964D92A238C7E9B8DD7A60,95475AE006E7415794BDC93808DC04D2,fixed,128,,2.06,,2.67,,3.75,,Cost,EAE86DDE8FF4475CAB9AF229558B7EF4,
,Cost,958C8F802BB34649B0B12A24733918C4,2017-12-03 20:35:00.000,0F6BD6E53E9749CA9B1A2A648D741A5A,,,2017-12-03 20:35:00.000,0F6BD6E53E9749CA9B1A2A648D741A5A,,,,1,A,,0,0,,1,1,958C8F802BB34649B0B12A24733918C4,95475AE006E7415794BDC93808DC04D2,fixed,128,,0.19,,0.21,,0.25,,Cost,F02A4E56CC1C4A9989FEAE8DFDE3968A,
,Cost,96BF5355B93D40219CDC0CB322C7EF57,2017-12-03 20:35:00.000,0F6BD6E53E9749CA9B1A2A648D741A5A,,,2017-12-03 20:35:00.000,0F6BD6E53E9749CA9B1A2A648D741A5A,,,,1,A,,0,0,,1,1,96BF5355B93D40219CDC0CB322C7EF57,95475AE006E7415794BDC93808DC04D2,fixed,128,,4.95,,5.35,,5.75,,Cost,1D60FBC213AC49769AA953FA28EAFD43,
,Cost,9706CF87993647D7A2AF4CBE15808844,2017-12-03 20:35:00.000,0F6BD6E53E9749CA9B1A2A648D741A5A,,,2017-12-03 20:35:00.000,0F6BD6E53E9749CA9B1A2A648D741A5A,,,,1,A,,0,0,,1,1,9706CF87993647D7A2AF4CBE15808844,95475AE006E7415794BDC93808DC04D2,fixed,128,,0.9,,0.9,,0.95,,Cost,F3B40B54AB764C70A8DAF0CBD8749356,
,Cost,9803ED8A82A04E66A35CC63A5241863B,2017-12-03 20:35:00.000,0F6BD6E53E9749CA9B1A2A648D741A5A,,,2017-12-03 20:35:00.000,0F6BD6E53E9749CA9B1A2A648D741A5A,,,,1,A,,0,0,,1,1,9803ED8A82A04E66A35CC63A5241863B,95475AE006E7415794BDC93808DC04D2,fixed,128,,0.4,,0.49,,0.55,,Cost,BB375BA8D1F047B5BD7822FE08679A31,
,Cost,9889EB0CC9E54EEE85EF6D42DE632C14,2017-12-03 20:35:00.000,0F6BD6E53E9749CA9B1A2A648D741A5A,,,2017-12-03 20:35:00.000,0F6BD6E53E9749CA9B1A2A648D741A5A,,,,1,A,,0,0,,1,1,9889EB0CC9E54EEE85EF6D42DE632C14,95475AE006E7415794BDC93808DC04D2,fixed,128,,8.85,,8.99,,9.25,,Cost,2B0A9C4FB28642738B6D756AE6CA0DB8,
,Cost,992B9073269349F698EEF1E8F2D05B05,2017-12-03 20:35:00.000,0F6BD6E53E9749CA9B1A2A648D741A5A,,,2017-12-03 20:35:00.000,0F6BD6E53E9749CA9B1A2A648D741A5A,,,,1,A,,0,0,,1,1,992B9073269349F698EEF1E8F2D05B05,95475AE006E7415794BDC93808DC04D2,fixed,128,,0.9,,1.37,,1.5,,Cost,6FDC98DD18994CE48BA6941298BE24FE,
,Cost,99F4DF4DE7694B689A97D642314F3877,2017-12-03 20:35:00.000,0F6BD6E53E9749CA9B1A2A648D741A5A,,,2017-12-03 20:35:00.000,0F6BD6E53E9749CA9B1A2A648D741A5A,,,,1,A,,0,0,,1,1,99F4DF4DE7694B689A97D642314F3877,95475AE006E7415794BDC93808DC04D2,hard_fixed,128,,,61.43,,,,,Cost,DFB575A241DC456F8D4FEE188DF5BE3E,
,Cost,99FD2AEAA61C4A9BB2D552400641B658,2017-12-03 20:35:00.000,0F6BD6E53E9749CA9B1A2A648D741A5A,,,2017-12-03 20:35:00.000,0F6BD6E53E9749CA9B1A2A648D741A5A,,,,1,A,,0,0,,1,1,99FD2AEAA61C4A9BB2D552400641B658,95475AE006E7415794BDC93808DC04D2,fixed,128,,2.28,,2.68,,2.83,,Cost,298EBF22A0A04AFBBF3B807E0FAEEF96,
,Cost,9E62FDE38077474A837E0A7D6C1A75B2,2017-12-03 20:35:00.000,0F6BD6E53E9749CA9B1A2A648D741A5A,,,2017-12-03 20:35:00.000,0F6BD6E53E9749CA9B1A2A648D741A5A,,,,1,A,,0,0,,1,1,9E62FDE38077474A837E0A7D6C1A75B2,95475AE006E7415794BDC93808DC04D2,fixed,128,,5.35,,5.35,,5.35,,Cost,029A82307CA5499B8E7BFAA0B1E16982,
,Cost,9E6CA1162DE5491BA6F0E7D41BAA2881,2017-12-03 20:35:00.000,0F6BD6E53E9749CA9B1A2A648D741A5A,,,2017-12-03 20:35:00.000,0F6BD6E53E9749CA9B1A2A648D741A5A,,,,1,A,,0,0,,1,1,9E6CA1162DE5491BA6F0E7D41BAA2881,95475AE006E7415794BDC93808DC04D2,fixed,128,,0.09,,0.11,,0.12,,Cost,7CEA7517E81B4E2295C4CE963E53A27B,
,Cost,9F64E1DB2A95401CA14BC596686C2CED,2017-12-03 20:35:00.000,0F6BD6E53E9749CA9B1A2A648D741A5A,,,2017-12-03 20:35:00.000,0F6BD6E53E9749CA9B1A2A648D741A5A,,,,1,A,,0,0,,1,1,9F64E1DB2A95401CA14BC596686C2CED,95475AE006E7415794BDC93808DC04D2,fixed,128,,8.77,,9.65,,10.08,,Cost,2DB5633B721C41489959D08A0BE326FA,
,Cost,A013F495A99648978CF7FC53207F1DAE,2017-12-03 20:35:00.000,0F6BD6E53E9749CA9B1A2A648D741A5A,,,2017-12-03 20:35:00.000,0F6BD6E53E9749CA9B1A2A648D741A5A,,,,1,A,,0,0,,1,1,A013F495A99648978CF7FC53207F1DAE,95475AE006E7415794BDC93808DC04D2,fixed,128,,0.26,,0.29,,0.31,,Cost,155C8C64CADE4900B47488484A45B032,
,Cost,A0FEB90032744F338867D8608EE42848,2017-12-03 20:35:00.000,0F6BD6E53E9749CA9B1A2A648D741A5A,,,2017-12-03 20:35:00.000,0F6BD6E53E9749CA9B1A2A648D741A5A,,,,1,A,,0,0,,1,1,A0FEB90032744F338867D8608EE42848,95475AE006E7415794BDC93808DC04D2,fixed,128,,1.29,,1.32,,1.37,,Cost,A456BC07346E4A789C459B6BBF26714A,
,Cost,A1000B5FC1D24D41A4D6CB1683D635D2,2017-12-03 20:35:00.000,0F6BD6E53E9749CA9B1A2A648D741A5A,,,2017-12-03 20:35:00.000,0F6BD6E53E9749CA9B1A2A648D741A5A,,,,1,A,,0,0,,1,1,A1000B5FC1D24D41A4D6CB1683D635D2,95475AE006E7415794BDC93808DC04D2,fixed,128,,57.75,,57.75,,57.75,,Cost,871F66D5D20444F283015F23F97AF229,
,Cost,A166D34FA8FE46ABBEDA59C9B3DD99C4,2017-12-03 20:35:00.000,0F6BD6E53E9749CA9B1A2A648D741A5A,,,2017-12-03 20:35:00.000,0F6BD6E53E9749CA9B1A2A648D741A5A,,,,1,A,,0,0,,1,1,A166D34FA8FE46ABBEDA59C9B3DD99C4,5C07EB829D4241F6BB884952960FAF58,float,128,,3.87,,3.9,,3.95,,Cost,00580D67C81147258BD3B89EE1318E58,
,Cost,A25F635811514D5A9EDC0A64EF726C06,2017-12-03 20:35:00.000,0F6BD6E53E9749CA9B1A2A648D741A5A,,,2017-12-03 20:35:00.000,0F6BD6E53E9749CA9B1A2A648D741A5A,,,,1,A,,0,0,,1,1,A25F635811514D5A9EDC0A64EF726C06,95475AE006E7415794BDC93808DC04D2,fixed,128,,0.09,,0.11,,0.12,,Cost,1E15DD3CFE944908830A07E6174648F2,
,Cost,A298D8171E324EBC961B450915DFCCBB,2017-12-03 20:35:00.000,0F6BD6E53E9749CA9B1A2A648D741A5A,,,2017-12-03 20:35:00.000,0F6BD6E53E9749CA9B1A2A648D741A5A,,,,1,A,,0,0,,1,1,A298D8171E324EBC961B450915DFCCBB,95475AE006E7415794BDC93808DC04D2,fixed,128,,4.23,,4.55,,4.5,,Cost,FC126A4AB14441F49F921E85D87FCE4A,
,Cost,A3B15B6ED093484FAA812DB24FD88550,2017-12-03 20:35:00.000,0F6BD6E53E9749CA9B1A2A648D741A5A,,,2017-12-03 20:35:00.000,0F6BD6E53E9749CA9B1A2A648D741A5A,,,,1,A,,0,0,,1,1,A3B15B6ED093484FAA812DB24FD88550,95475AE006E7415794BDC93808DC04D2,fixed,128,,0.06,,0.06,,0.06,,Cost,F93F5E37E7684A8EB9A9655CFE576CEA,
,Cost,A59C4DDDB7C940A1BE20C6C23C2291B9,2017-12-03 20:35:00.000,0F6BD6E53E9749CA9B1A2A648D741A5A,,,2017-12-03 20:35:00.000,0F6BD6E53E9749CA9B1A2A648D741A5A,,,,1,A,,0,0,,1,1,A59C4DDDB7C940A1BE20C6C23C2291B9,95475AE006E7415794BDC93808DC04D2,fixed,128,,0.08,,0.08,,0.08,,Cost,4AB823CEF08042D5B322AF062895F98C,
,Cost,A6FEE6BB4C1D4283B19F621FA44B702A,2017-12-03 20:35:00.000,0F6BD6E53E9749CA9B1A2A648D741A5A,,,2017-12-03 20:35:00.000,0F6BD6E53E9749CA9B1A2A648D741A5A,,,,1,A,,0,0,,1,1,A6FEE6BB4C1D4283B19F621FA44B702A,95475AE006E7415794BDC93808DC04D2,fixed,128,,0.65,,0.66,,0.68,,Cost,5A4CCC84AB594E05AD12D5C9D584A220,
,Cost,A7BAE50E1864487CBFE3EC4DEC06CDF4,2017-12-03 20:35:00.000,0F6BD6E53E9749CA9B1A2A648D741A5A,,,2017-12-03 20:35:00.000,0F6BD6E53E9749CA9B1A2A648D741A5A,,,,1,A,,0,0,,1,1,A7BAE50E1864487CBFE3EC4DEC06CDF4,95475AE006E7415794BDC93808DC04D2,fixed,128,,,,,,,,Cost,3AEFB5C97E964E0C8915370092022410,
,Cost,A8504D1CE34E46DE8D3AE78A11CB6AB7,2017-12-03 20:35:00.000,0F6BD6E53E9749CA9B1A2A648D741A5A,,,2017-12-03 20:35:00.000,0F6BD6E53E9749CA9B1A2A648D741A5A,,,,1,A,,0,0,,1,1,A8504D1CE34E46DE8D3AE78A11CB6AB7,95475AE006E7415794BDC93808DC04D2,fixed,128,,230.4,,230.4,,230.4,,Cost,DA6A5821D7D043C48309566653A9C432,
,Cost,A8D071F3BA99427A9D23D6A8866BD814,2017-12-03 20:35:00.000,0F6BD6E53E9749CA9B1A2A648D741A5A,,,2017-12-03 20:35:00.000,0F6BD6E53E9749CA9B1A2A648D741A5A,,,,1,A,,0,0,,1,1,A8D071F3BA99427A9D23D6A8866BD814,95475AE006E7415794BDC93808DC04D2,fixed,128,,2.53,,2.81,,3.15,,Cost,3015E92BDB3C48AE92514C50C24F9471,
,Cost,AA74B05501E64D7D97F4B7DFF1B4770E,2017-12-03 20:35:00.000,0F6BD6E53E9749CA9B1A2A648D741A5A,,,2017-12-03 20:35:00.000,0F6BD6E53E9749CA9B1A2A648D741A5A,,,,1,A,,0,0,,1,1,AA74B05501E64D7D97F4B7DFF1B4770E,95475AE006E7415794BDC93808DC04D2,fixed,128,,5.35,,5.35,,5.35,,Cost,2F13F8E06AB141DC99F9312B31E307BE,
,Cost,AC3B2A4D0B144EF7BAC60FD189C64879,2017-12-03 20:35:00.000,0F6BD6E53E9749CA9B1A2A648D741A5A,,,2017-12-03 20:35:00.000,0F6BD6E53E9749CA9B1A2A648D741A5A,,,,1,A,,0,0,,1,1,AC3B2A4D0B144EF7BAC60FD189C64879,95475AE006E7415794BDC93808DC04D2,hard_fixed,128,,1.71,,1.76,,1.79,,Cost,11008876C178491981B93101A1D5FD22,
,Cost,AF7DA77A0D12465BA6BE5558FD212192,2017-12-03 20:35:00.000,0F6BD6E53E9749CA9B1A2A648D741A5A,,,2017-12-03 20:35:00.000,0F6BD6E53E9749CA9B1A2A648D741A5A,,,,1,A,,0,0,,1,1,AF7DA77A0D12465BA6BE5558FD212192,95475AE006E7415794BDC93808DC04D2,fixed,128,,0.5,,0.055,,0.06,,Cost,7A934DA66BC04562A1A729602654AF32,
,Cost,B177093A455F48DDB5531886007A0035,2017-12-03 20:35:00.000,0F6BD6E53E9749CA9B1A2A648D741A5A,,,2017-12-03 20:35:00.000,0F6BD6E53E9749CA9B1A2A648D741A5A,,,,1,A,,0,0,,1,1,B177093A455F48DDB5531886007A0035,95475AE006E7415794BDC93808DC04D2,fixed,128,,0.212,,0.23,,0.243,,Cost,DAFB0854CF234025AF380D23CB603E42,
,Cost,B1BEB6A2055D41BE8304EE94C773B936,2017-12-03 20:35:00.000,0F6BD6E53E9749CA9B1A2A648D741A5A,,,2017-12-03 20:35:00.000,0F6BD6E53E9749CA9B1A2A648D741A5A,,,,1,A,,0,0,,1,1,B1BEB6A2055D41BE8304EE94C773B936,5C07EB829D4241F6BB884952960FAF58,float,128,,8.0,,8.15,,9.0,,Cost,F43182EEABD24A73A25BBB0CDDF91AE2,
,Cost,B22F461E9D3B4BF6A02A2FF12C4027FF,2017-12-03 20:35:00.000,0F6BD6E53E9749CA9B1A2A648D741A5A,,,2017-12-03 20:35:00.000,0F6BD6E53E9749CA9B1A2A648D741A5A,,,,1,A,,0,0,,1,1,B22F461E9D3B4BF6A02A2FF12C4027FF,5C07EB829D4241F6BB884952960FAF58,float,128,,114.0,,110.0,,100.0,,Cost,14F871DA13A340F2866D2AD639D5B79A,
,Cost,B2745B8EF6C74A6A9715C8E918DB6C5B,2017-12-03 20:35:00.000,0F6BD6E53E9749CA9B1A2A648D741A5A,,,2017-12-03 20:35:00.000,0F6BD6E53E9749CA9B1A2A648D741A5A,,,,1,A,,0,0,,1,1,B2745B8EF6C74A6A9715C8E918DB6C5B,95475AE006E7415794BDC93808DC04D2,fixed,128,,6.5,,6.5,,6.5,,Cost,7F2ABFB447CC449A81CC5327643F0F44,
,Cost,B47102A6EF024DF18DCD37F4F4444AFE,2017-12-03 20:35:00.000,0F6BD6E53E9749CA9B1A2A648D741A5A,,,2017-12-03 20:35:00.000,0F6BD6E53E9749CA9B1A2A648D741A5A,,,,1,A,,0,0,,1,1,B47102A6EF024DF18DCD37F4F4444AFE,95475AE006E7415794BDC93808DC04D2,fixed,128,,1.5,,1.5,,1.5,,Cost,6494C1D1DCCA426A961368F53DDCA553,
,Cost,B47C766F01BB42A79BF690323B10EF77,2017-12-03 20:35:00.000,0F6BD6E53E9749CA9B1A2A648D741A5A,,,2017-12-03 20:35:00.000,0F6BD6E53E9749CA9B1A2A648D741A5A,,,,1,A,,0,0,,1,1,B47C766F01BB42A79BF690323B10EF77,95475AE006E7415794BDC93808DC04D2,fixed,128,,1.02,,1.28,,1.66,,Cost,61CFB47EE1DF4FBFBB9A38FC53CBEA04,
,Cost,B4A923F00D404C3DADE4B78176BFD5A0,2017-12-03 20:35:00.000,0F6BD6E53E9749CA9B1A2A648D741A5A,,,2017-12-03 20:35:00.000,0F6BD6E53E9749CA9B1A2A648D741A5A,,,,1,A,,0,0,,1,1,B4A923F00D404C3DADE4B78176BFD5A0,95475AE006E7415794BDC93808DC04D2,fixed,128,,3.88,,3.88,,3.88,,Cost,2D75C43A439E425AAFBC6BA75E9922B6,
,Cost,B717B4D4C801447E90C1D31E912A4EB0,2017-12-03 20:35:00.000,0F6BD6E53E9749CA9B1A2A648D741A5A,,,2017-12-03 20:35:00.000,0F6BD6E53E9749CA9B1A2A648D741A5A,,,,1,A,,0,0,,1,1,B717B4D4C801447E90C1D31E912A4EB0,95475AE006E7415794BDC93808DC04D2,fixed,128,,0.26,,0.29,,0.31,,Cost,CD7EF2CB70DC4581B0065648B93D7A75,
,Cost,B848806D27A5491E9082D5A701B5F663,2017-12-03 20:35:00.000,0F6BD6E53E9749CA9B1A2A648D741A5A,,,2017-12-03 20:35:00.000,0F6BD6E53E9749CA9B1A2A648D741A5A,,,,1,A,,0,0,,1,1,B848806D27A5491E9082D5A701B5F663,95475AE006E7415794BDC93808DC04D2,fixed,128,,3.57,,3.6,,3.75,,Cost,6D19D192783242B485C3DE5DFDDE5619,
,Cost,B9235E91DAE74430842878C32848BD43,2017-12-03 20:35:00.000,0F6BD6E53E9749CA9B1A2A648D741A5A,,,2017-12-03 20:35:00.000,0F6BD6E53E9749CA9B1A2A648D741A5A,,,,1,A,,0,0,,1,1,B9235E91DAE74430842878C32848BD43,95475AE006E7415794BDC93808DC04D2,fixed,128,,4.5,,4.25,,3.75,,Cost,ACC1D756F6744B10AFEF4779C62159D0,
,Cost,B95126F0B9C7465DBC3D00598DA6650A,2017-12-03 20:35:00.000,0F6BD6E53E9749CA9B1A2A648D741A5A,,,2017-12-03 20:35:00.000,0F6BD6E53E9749CA9B1A2A648D741A5A,,,,1,A,,0,0,,1,1,B95126F0B9C7465DBC3D00598DA6650A,95475AE006E7415794BDC93808DC04D2,fixed,128,,13.88,,14.35,,15.0,,Cost,6CF3D3080E994B5F925D2D612575E056,
,Cost,BA35778C13F94F66B8224C5571AC588E,2017-12-03 20:35:00.000,0F6BD6E53E9749CA9B1A2A648D741A5A,,,2017-12-03 20:35:00.000,0F6BD6E53E9749CA9B1A2A648D741A5A,,,,1,A,,0,0,,1,1,BA35778C13F94F66B8224C5571AC588E,95475AE006E7415794BDC93808DC04D2,fixed,128,,21.5,,23.75,,27.5,,Cost,272D01E1DB72482DBDDE21293D13474F,
,Cost,BD029D29E9304A49AF946088AE8A844B,2017-12-03 20:35:00.000,0F6BD6E53E9749CA9B1A2A648D741A5A,,,2017-12-03 20:35:00.000,0F6BD6E53E9749CA9B1A2A648D741A5A,,,,1,A,,0,0,,1,1,BD029D29E9304A49AF946088AE8A844B,95475AE006E7415794BDC93808DC04D2,fixed,128,,0.5,,0.671,,0.84,,Cost,66945587B51C43A5B2E9434F58A3265F,
,Cost,BD3F57DE2E4A41B99EB5FF38E6A07C24,2017-12-03 20:35:00.000,0F6BD6E53E9749CA9B1A2A648D741A5A,,,2017-12-03 20:35:00.000,0F6BD6E53E9749CA9B1A2A648D741A5A,,,,1,A,,0,0,,1,1,BD3F57DE2E4A41B99EB5FF38E6A07C24,95475AE006E7415794BDC93808DC04D2,fixed,128,,0.02,,0.02,,0.02,,Cost,A48FFEC7AA934538BA6AE4099C0CEDFF,
,Cost,BE14E1C5A8734E9A9267C5CDDE95A471,2017-12-03 20:35:00.000,0F6BD6E53E9749CA9B1A2A648D741A5A,,,2017-12-03 20:35:00.000,0F6BD6E53E9749CA9B1A2A648D741A5A,,,,1,A,,0,0,,1,1,BE14E1C5A8734E9A9267C5CDDE95A471,95475AE006E7415794BDC93808DC04D2,fixed,128,,5.65,,5.7,,5.75,,Cost,93439C790F254876A0C28828F4D7647B,
,Cost,BE79A88D92C840639D0B7A3B5FED3A4E,2017-12-03 20:35:00.000,0F6BD6E53E9749CA9B1A2A648D741A5A,,,2017-12-03 20:35:00.000,0F6BD6E53E9749CA9B1A2A648D741A5A,,,,1,A,,0,0,,1,1,BE79A88D92C840639D0B7A3B5FED3A4E,95475AE006E7415794BDC93808DC04D2,fixed,128,,0.65,,0.65,,0.65,,Cost,98DED6CDC1924D738BDBE9EA3B7D56F6,
,Cost,C01E17099E29424786B557A764733E2E,2021-03-15 21:02:57.363,AD30A6D8D3B642F5A2AFED1A4B02BEFA,,,2021-03-15 21:02:57.370,AD30A6D8D3B642F5A2AFED1A4B02BEFA,,,,1,A,,0,0,,1,1,C01E17099E29424786B557A764733E2E,5C07EB829D4241F6BB884952960FAF58,float,128,,,,,,,,Cost,5F750EA8888A402B831E8EEE6339812E,
,Cost,C0A612B9BC8040029B90164DFC8DF04E,2017-12-03 20:35:00.000,0F6BD6E53E9749CA9B1A2A648D741A5A,,,2017-12-03 20:35:00.000,0F6BD6E53E9749CA9B1A2A648D741A5A,,,,1,A,,0,0,,1,1,C0A612B9BC8040029B90164DFC8DF04E,95475AE006E7415794BDC93808DC04D2,fixed,128,,0.17,,0.21,,0.32,,Cost,4AF45C91779E4D0B92B5EF17A366B5DC,
,Cost,C1117E0D3A804B8D97058B84950ED2BC,2017-12-03 20:35:00.000,0F6BD6E53E9749CA9B1A2A648D741A5A,,,2017-12-03 20:35:00.000,0F6BD6E53E9749CA9B1A2A648D741A5A,,,,1,A,,0,0,,1,1,C1117E0D3A804B8D97058B84950ED2BC,95475AE006E7415794BDC93808DC04D2,fixed,128,,0.45,,0.45,,0.45,,Cost,2C6561CD9F21402EBBDB14822EE3A346,
,Cost,C202B7446512419CB11E979BE6A2F2C7,2017-12-03 20:35:00.000,0F6BD6E53E9749CA9B1A2A648D741A5A,,,2017-12-03 20:35:00.000,0F6BD6E53E9749CA9B1A2A648D741A5A,,,,1,A,,0,0,,1,1,C202B7446512419CB11E979BE6A2F2C7,95475AE006E7415794BDC93808DC04D2,fixed,128,,0.77,,0.82,,0.89,,Cost,35572CBF727C4ECB8B40D0D872024E8C,
,Cost,C25675E84C3E41138B56BBD8C46731AD,2017-12-03 20:35:00.000,0F6BD6E53E9749CA9B1A2A648D741A5A,,,2017-12-03 20:35:00.000,0F6BD6E53E9749CA9B1A2A648D741A5A,,,,1,A,,0,0,,1,1,C25675E84C3E41138B56BBD8C46731AD,95475AE006E7415794BDC93808DC04D2,fixed,128,,0.136,,0.34,,0.58,,Cost,8CA5994A5DF84E8C8847433AE34DBA91,
,Cost,C2B7BF47867C4AEFB7308F6B268D0FB6,2017-12-03 20:35:00.000,0F6BD6E53E9749CA9B1A2A648D741A5A,,,2017-12-03 20:35:00.000,0F6BD6E53E9749CA9B1A2A648D741A5A,,,,1,A,,0,0,,1,1,C2B7BF47867C4AEFB7308F6B268D0FB6,95475AE006E7415794BDC93808DC04D2,fixed,128,,0.06,,0.06,,0.06,,Cost,9B9C1A8A78BE478DBF0E2F8AE6C949FC,
,Cost,C442D35A8AB140609917195653E258E1,2017-12-03 20:35:00.000,0F6BD6E53E9749CA9B1A2A648D741A5A,,,2017-12-03 20:35:00.000,0F6BD6E53E9749CA9B1A2A648D741A5A,,,,1,A,,0,0,,1,1,C442D35A8AB140609917195653E258E1,95475AE006E7415794BDC93808DC04D2,fixed,128,,0.8,,0.8,,0.8,,Cost,8DD5C62F7ECF42A7BD9447A09210F7A8,
,Cost,C887266D0420407EB714383AD760B2F4,2017-12-03 20:35:00.000,0F6BD6E53E9749CA9B1A2A648D741A5A,,,2017-12-03 20:35:00.000,0F6BD6E53E9749CA9B1A2A648D741A5A,,,,1,A,,0,0,,1,1,C887266D0420407EB714383AD760B2F4,95475AE006E7415794BDC93808DC04D2,fixed,128,,0.5,,0.99,,1.1,,Cost,B226F068029F47AA81CEC1EE6503B571,
,Cost,C90A65969EAF4C399D3A70E8F95C9469,2017-12-03 20:35:00.000,0F6BD6E53E9749CA9B1A2A648D741A5A,,,2017-12-03 20:35:00.000,0F6BD6E53E9749CA9B1A2A648D741A5A,,,,1,A,,0,0,,1,1,C90A65969EAF4C399D3A70E8F95C9469,95475AE006E7415794BDC93808DC04D2,fixed,128,,2.32,,2.56,,2.9,,Cost,53769B210B184955AD40DF6D04BCA7CF,
,Cost,C9235B961F314A05B34A20E5B3CB3E90,2017-12-03 20:35:00.000,0F6BD6E53E9749CA9B1A2A648D741A5A,,,2017-12-03 20:35:00.000,0F6BD6E53E9749CA9B1A2A648D741A5A,,,,1,A,,0,0,,1,1,C9235B961F314A05B34A20E5B3CB3E90,95475AE006E7415794BDC93808DC04D2,fixed,128,,10.64,,10.75,,11.0,,Cost,79D68567065045F59E19125898CFF019,
,Cost,C93AC53405F2480E95BADFE5D7F43A19,2017-12-03 20:35:00.000,0F6BD6E53E9749CA9B1A2A648D741A5A,,,2017-12-03 20:35:00.000,0F6BD6E53E9749CA9B1A2A648D741A5A,,,,1,A,,0,0,,1,1,C93AC53405F2480E95BADFE5D7F43A19,95475AE006E7415794BDC93808DC04D2,fixed,128,,0.39,,0.42,,0.51,,Cost,BE6FF3B5CA204384A1FDA14F4A6AD07E,
,Cost,CA0DB9B4C86D4963A804EAB898540534,2017-12-03 20:35:00.000,0F6BD6E53E9749CA9B1A2A648D741A5A,,,2017-12-03 20:35:00.000,0F6BD6E53E9749CA9B1A2A648D741A5A,,,,1,A,,0,0,,1,1,CA0DB9B4C86D4963A804EAB898540534,95475AE006E7415794BDC93808DC04D2,fixed,128,,2.68,,2.7,,2.75,,Cost,FA546E6127744313BD124C84763972A2,
,Cost,CCA90B9DB5CF46839E92A9B5D9B1069F,2017-12-03 20:35:00.000,0F6BD6E53E9749CA9B1A2A648D741A5A,,,2017-12-03 20:35:00.000,0F6BD6E53E9749CA9B1A2A648D741A5A,,,,1,A,,0,0,,1,1,CCA90B9DB5CF46839E92A9B5D9B1069F,95475AE006E7415794BDC93808DC04D2,fixed,128,,8.96,,9.5,,10.0,,Cost,D2A76DA5A5EA43BF95F3B83355B5BD04,
,Cost,CCBBCC37882045B0BC8C8BD8DFA764F4,2017-12-03 20:35:00.000,0F6BD6E53E9749CA9B1A2A648D741A5A,,,2017-12-03 20:35:00.000,0F6BD6E53E9749CA9B1A2A648D741A5A,,,,1,A,,0,0,,1,1,CCBBCC37882045B0BC8C8BD8DFA764F4,95475AE006E7415794BDC93808DC04D2,fixed,128,,4.33,,4.38,,4.69,,Cost,C217BBFEEF414B0C9AD19164A872DEB6,
,Cost,CDBEB396BAD849FFB2EA48024A3E2704,2017-12-03 20:35:00.000,0F6BD6E53E9749CA9B1A2A648D741A5A,,,2017-12-03 20:35:00.000,0F6BD6E53E9749CA9B1A2A648D741A5A,,,,1,A,,0,0,,1,1,CDBEB396BAD849FFB2EA48024A3E2704,95475AE006E7415794BDC93808DC04D2,fixed,128,,0.592,,0.643,,0.73,,Cost,9AB89501B68743078B4BEDA5968D264B,
,Cost,CDC24553650F4CFE9818D424CFE1420A,2017-12-03 20:35:00.000,0F6BD6E53E9749CA9B1A2A648D741A5A,,,2017-12-03 20:35:00.000,0F6BD6E53E9749CA9B1A2A648D741A5A,,,,1,A,,0,0,,1,1,CDC24553650F4CFE9818D424CFE1420A,95475AE006E7415794BDC93808DC04D2,fixed,128,,0.22,,0.28,,0.33,,Cost,D430D15658914B9895E315610010D08C,
,Cost,CE8DC69B118341C9BEBACB86C2E90494,2017-12-03 20:35:00.000,0F6BD6E53E9749CA9B1A2A648D741A5A,,,2017-12-03 20:35:00.000,0F6BD6E53E9749CA9B1A2A648D741A5A,,,,1,A,,0,0,,1,1,CE8DC69B118341C9BEBACB86C2E90494,5C07EB829D4241F6BB884952960FAF58,float,128,,,38.495,,,,,Cost,0AA62AED57B44C638A83F30D6F4AD77F,
,Cost,D0EAD8B70D5C47ADAF277E5C82F56AEB,2017-12-03 20:35:00.000,0F6BD6E53E9749CA9B1A2A648D741A5A,,,2017-12-03 20:35:00.000,0F6BD6E53E9749CA9B1A2A648D741A5A,,,,1,A,,0,0,,1,1,D0EAD8B70D5C47ADAF277E5C82F56AEB,95475AE006E7415794BDC93808DC04D2,fixed,128,,9.75,,10.5,,11.0,,Cost,7D10C7CAB2AF4F349A92FBD846EE3B28,
,Cost,D256F38E9D72464A9B25DBC0B6F958E4,2017-12-03 20:35:00.000,0F6BD6E53E9749CA9B1A2A648D741A5A,,,2017-12-03 20:35:00.000,0F6BD6E53E9749CA9B1A2A648D741A5A,,,,1,A,,0,0,,1,1,D256F38E9D72464A9B25DBC0B6F958E4,95475AE006E7415794BDC93808DC04D2,fixed,128,,0.73,,0.78,,0.89,,Cost,BA879C760A024B2D82E9BC0F5C5C6DA7,
,Cost,D2D63253E3844878A40B0EA60E10FF32,2017-12-03 20:35:00.000,0F6BD6E53E9749CA9B1A2A648D741A5A,,,2017-12-03 20:35:00.000,0F6BD6E53E9749CA9B1A2A648D741A5A,,,,1,A,,0,0,,1,1,D2D63253E3844878A40B0EA60E10FF32,95475AE006E7415794BDC93808DC04D2,fixed,128,,0.1,,0.119,,0.13,,Cost,20D920CAC7854A5EB3BC6FA8B5B5B4EE,
,Cost,D3EE6CE0803F4EDA90DD0A0D280E78AC,2017-12-03 20:35:00.000,0F6BD6E53E9749CA9B1A2A648D741A5A,,,2017-12-03 20:35:00.000,0F6BD6E53E9749CA9B1A2A648D741A5A,,,,1,A,,0,0,,1,1,D3EE6CE0803F4EDA90DD0A0D280E78AC,95475AE006E7415794BDC93808DC04D2,fixed,128,,0.02,,0.02,,0.02,,Cost,1527A8A174214EF9984E886630C89CDA,
,Cost,D54441E45E6B49DE9ACA46884E9E46C3,2017-12-03 20:35:00.000,0F6BD6E53E9749CA9B1A2A648D741A5A,,,2017-12-03 20:35:00.000,0F6BD6E53E9749CA9B1A2A648D741A5A,,,,1,A,,0,0,,1,1,D54441E45E6B49DE9ACA46884E9E46C3,95475AE006E7415794BDC93808DC04D2,fixed,128,,0.11,,0.11,,0.11,,Cost,F7AB76D5EB174CF1A5A5FF3C73401B59,
,Cost,D7B3E21DA888446780A59D057154F656,2017-12-03 20:35:00.000,0F6BD6E53E9749CA9B1A2A648D741A5A,,,2017-12-03 20:35:00.000,0F6BD6E53E9749CA9B1A2A648D741A5A,,,,1,A,,0,0,,1,1,D7B3E21DA888446780A59D057154F656,95475AE006E7415794BDC93808DC04D2,fixed,128,,0.08,,0.08,,0.08,,Cost,E81E0C71B08C46969C9BB63D61260297,
,Cost,D7EBB54FEAB64F8F949FB37924B8FA62,2017-12-03 20:35:00.000,0F6BD6E53E9749CA9B1A2A648D741A5A,,,2017-12-03 20:35:00.000,0F6BD6E53E9749CA9B1A2A648D741A5A,,,,1,A,,0,0,,1,1,D7EBB54FEAB64F8F949FB37924B8FA62,95475AE006E7415794BDC93808DC04D2,fixed,128,,12.75,,13.5,,15.0,,Cost,B6DC50A1D493430591C39ECEFDB8D7FA,
,Cost,D973A7BDE2EF4082874FDC1497D6E90B,2017-12-03 20:35:00.000,0F6BD6E53E9749CA9B1A2A648D741A5A,,,2017-12-03 20:35:00.000,0F6BD6E53E9749CA9B1A2A648D741A5A,,,,1,A,,0,0,,1,1,D973A7BDE2EF4082874FDC1497D6E90B,95475AE006E7415794BDC93808DC04D2,fixed,128,,0.47,,0.45,,0.49,,Cost,2C997FC81EBA4B2CB9C32E06812A7AC7,
,Cost,D99C75BEABD84F14B59FE162A377D02E,2017-12-03 20:35:00.000,0F6BD6E53E9749CA9B1A2A648D741A5A,,,2017-12-03 20:35:00.000,0F6BD6E53E9749CA9B1A2A648D741A5A,,,,1,A,,0,0,,1,1,D99C75BEABD84F14B59FE162A377D02E,5C07EB829D4241F6BB884952960FAF58,float,128,,,,,,,,Cost,C505C3BB83EC46F383C1E5CFA67AACD2,
,Cost,DC2EB08097704653B2199AE278721752,2017-12-03 20:35:00.000,0F6BD6E53E9749CA9B1A2A648D741A5A,,,2017-12-03 20:35:00.000,0F6BD6E53E9749CA9B1A2A648D741A5A,,,,1,A,,0,0,,1,1,DC2EB08097704653B2199AE278721752,95475AE006E7415794BDC93808DC04D2,fixed,128,,4.75,,4.75,,4.75,,Cost,CEA5CD3AA9134705A99AD1E3EAD607E8,
,Cost,DE15B10DCCBE4A20B3DC6AFB1B60162C,2017-12-03 20:35:00.000,0F6BD6E53E9749CA9B1A2A648D741A5A,,,2017-12-03 20:35:00.000,0F6BD6E53E9749CA9B1A2A648D741A5A,,,,1,A,,0,0,,1,1,DE15B10DCCBE4A20B3DC6AFB1B60162C,95475AE006E7415794BDC93808DC04D2,fixed,128,,0.04,,0.04,,0.04,,Cost,A322282BD2B34FCAB8B33564096C53C7,
,Cost,DEEFACFC4A3A4BDBA40EDDA89F21BCA5,2017-12-03 20:35:00.000,0F6BD6E53E9749CA9B1A2A648D741A5A,,,2017-12-03 20:35:00.000,0F6BD6E53E9749CA9B1A2A648D741A5A,,,,1,A,,0,0,,1,1,DEEFACFC4A3A4BDBA40EDDA89F21BCA5,95475AE006E7415794BDC93808DC04D2,fixed,128,,0.26,,0.24,,0.23,,Cost,26ABA42FB5614F5D85FE71CC4049E754,
,Cost,E0E43C3B5ADA42E39A93A3116C10F29C,2017-12-03 20:35:00.000,0F6BD6E53E9749CA9B1A2A648D741A5A,,,2017-12-03 20:35:00.000,0F6BD6E53E9749CA9B1A2A648D741A5A,,,,1,A,,0,0,,1,1,E0E43C3B5ADA42E39A93A3116C10F29C,95475AE006E7415794BDC93808DC04D2,fixed,128,,9.5,,10.0,,12.0,,Cost,1BE702134FE64333B4DD1F33DF464BB2,
,Cost,E40E46901FA34D749127115CF38D5B84,2017-12-03 20:35:00.000,0F6BD6E53E9749CA9B1A2A648D741A5A,,,2017-12-03 20:35:00.000,0F6BD6E53E9749CA9B1A2A648D741A5A,,,,1,A,,0,0,,1,1,E40E46901FA34D749127115CF38D5B84,95475AE006E7415794BDC93808DC04D2,fixed,128,,22.95,,22.95,,22.95,,Cost,BAD8BAD29FED4C1A83FC83A1253871CD,
,Cost,E40E6D326CC44E2FAA119C2D89EFF63D,2017-12-03 20:35:00.000,0F6BD6E53E9749CA9B1A2A648D741A5A,,,2017-12-03 20:35:00.000,0F6BD6E53E9749CA9B1A2A648D741A5A,,,,1,A,,0,0,,1,1,E40E6D326CC44E2FAA119C2D89EFF63D,95475AE006E7415794BDC93808DC04D2,fixed,128,,25.5,,25.5,,25.5,,Cost,1213E2030EBD4FE58316993FD42D74A7,
,Cost,E4610FC16D914A5ABD8CD7B0EF9ACAB9,2017-12-03 20:35:00.000,0F6BD6E53E9749CA9B1A2A648D741A5A,,,2017-12-03 20:35:00.000,0F6BD6E53E9749CA9B1A2A648D741A5A,,,,1,A,,0,0,,1,1,E4610FC16D914A5ABD8CD7B0EF9ACAB9,95475AE006E7415794BDC93808DC04D2,fixed,128,,,2.35,,,,,Cost,6D511886B1E946CC9C5E78C29D2D8383,
,Cost,E63F34D26C5A4FD793D15E982BF5688D,2017-12-03 20:35:00.000,0F6BD6E53E9749CA9B1A2A648D741A5A,,,2017-12-03 20:35:00.000,0F6BD6E53E9749CA9B1A2A648D741A5A,,,,1,A,,0,0,,1,1,E63F34D26C5A4FD793D15E982BF5688D,95475AE006E7415794BDC93808DC04D2,fixed,128,,18.0,,24.99,,28.99,,Cost,EE5EDA69A81A4839B1CE47116F3287DB,
,Cost,E717E69A56BE4532AEC540564BD90EB6,2017-12-03 20:35:00.000,0F6BD6E53E9749CA9B1A2A648D741A5A,,,2017-12-03 20:35:00.000,0F6BD6E53E9749CA9B1A2A648D741A5A,,,,1,A,,0,0,,1,1,E717E69A56BE4532AEC540564BD90EB6,95475AE006E7415794BDC93808DC04D2,fixed,128,,0.0259,,0.25,,0.26,,Cost,E21B5B09658C4FB28F184539F906BE7E,
,Cost,E7E6169B35FF43DC996C83BEC3C3C94B,2017-12-03 20:35:00.000,0F6BD6E53E9749CA9B1A2A648D741A5A,,,2017-12-03 20:35:00.000,0F6BD6E53E9749CA9B1A2A648D741A5A,,,,1,A,,0,0,,1,1,E7E6169B35FF43DC996C83BEC3C3C94B,95475AE006E7415794BDC93808DC04D2,fixed,128,,,4.1469,,,,,Cost,E763CACCEF1C4C45B206DEE84DAB80B8,
,Cost,E8B904A890E443BCB4F55CB94156EC0F,2017-12-03 20:35:00.000,0F6BD6E53E9749CA9B1A2A648D741A5A,,,2017-12-03 20:35:00.000,0F6BD6E53E9749CA9B1A2A648D741A5A,,,,1,A,,0,0,,1,1,E8B904A890E443BCB4F55CB94156EC0F,95475AE006E7415794BDC93808DC04D2,fixed,128,,3.37,,3.45,,3.5,,Cost,02963C4DABE44E12A243C5CB3FA322DF,
,Cost,EA8D62BC89DE4BD881FB738EE41F49BB,2017-12-03 20:35:00.000,0F6BD6E53E9749CA9B1A2A648D741A5A,,,2017-12-03 20:35:00.000,0F6BD6E53E9749CA9B1A2A648D741A5A,,,,1,A,,0,0,,1,1,EA8D62BC89DE4BD881FB738EE41F49BB,95475AE006E7415794BDC93808DC04D2,fixed,128,,3.45,,3.65,,4.65,,Cost,EE7B37C50A5F48A584E185F9F07E6968,
,Cost,ED98B8C974F24E73AD4BC7EDB566993B,2017-12-03 20:35:00.000,0F6BD6E53E9749CA9B1A2A648D741A5A,,,2017-12-03 20:35:00.000,0F6BD6E53E9749CA9B1A2A648D741A5A,,,,1,A,,0,0,,1,1,ED98B8C974F24E73AD4BC7EDB566993B,95475AE006E7415794BDC93808DC04D2,fixed,128,,5.35,,5.5,,5.75,,Cost,09D0A3F880C34176992D9DDAE11C56F4,
,Cost,EF09ABFA92B84E4FBFC4785ECF958524,2017-12-03 20:35:00.000,0F6BD6E53E9749CA9B1A2A648D741A5A,,,2017-12-03 20:35:00.000,0F6BD6E53E9749CA9B1A2A648D741A5A,,,,1,A,,0,0,,1,1,EF09ABFA92B84E4FBFC4785ECF958524,95475AE006E7415794BDC93808DC04D2,fixed,128,,0.24,,0.28,,0.26,,Cost,B31044B68D444D1BB42DB5EF01B83350,
,Cost,EFAA7C6FA5E64837B9908F6C404A8422,2017-12-03 20:35:00.000,0F6BD6E53E9749CA9B1A2A648D741A5A,,,2017-12-03 20:35:00.000,0F6BD6E53E9749CA9B1A2A648D741A5A,,,,1,A,,0,0,,1,1,EFAA7C6FA5E64837B9908F6C404A8422,95475AE006E7415794BDC93808DC04D2,fixed,128,,,5.4,,,,,Cost,7ED875D438FA400495A5968647376A2D,
,Cost,F16F578940204939A65341A12D5C8087,2017-12-03 20:35:00.000,0F6BD6E53E9749CA9B1A2A648D741A5A,,,2017-12-03 20:35:00.000,0F6BD6E53E9749CA9B1A2A648D741A5A,,,,1,A,,0,0,,1,1,F16F578940204939A65341A12D5C8087,95475AE006E7415794BDC93808DC04D2,fixed,128,,0.198,,0.24,,0.59,,Cost,EF0E57C082B3497B9CF25EDD9DA24B7E,
,Cost,F22C39182ACA4D0EA090133091B4CA51,2017-12-03 20:35:00.000,0F6BD6E53E9749CA9B1A2A648D741A5A,,,2017-12-03 20:35:00.000,0F6BD6E53E9749CA9B1A2A648D741A5A,,,,1,A,,0,0,,1,1,F22C39182ACA4D0EA090133091B4CA51,95475AE006E7415794BDC93808DC04D2,hard_fixed,128,,,48.44,,,,,Cost,5CC0ED4630B044ACBF578AC35E4B640B,
,Cost,F36FF4E293E744FB9C5576FEACAC98B3,2017-12-03 20:35:00.000,0F6BD6E53E9749CA9B1A2A648D741A5A,,,2017-12-03 20:35:00.000,0F6BD6E53E9749CA9B1A2A648D741A5A,,,,1,A,,0,0,,1,1,F36FF4E293E744FB9C5576FEACAC98B3,95475AE006E7415794BDC93808DC04D2,fixed,128,,0.68,,0.72,,0.75,,Cost,B967B5AAEF344577BE9A65A52E5C3CE9,
,Cost,F3BB0DCED7BA432D9509EE9C18641A25,2017-12-03 20:35:00.000,0F6BD6E53E9749CA9B1A2A648D741A5A,,,2017-12-03 20:35:00.000,0F6BD6E53E9749CA9B1A2A648D741A5A,,,,1,A,,0,0,,1,1,F3BB0DCED7BA432D9509EE9C18641A25,95475AE006E7415794BDC93808DC04D2,fixed,128,,0.08,,0.08,,0.08,,Cost,7E82C4D8C31A40F7B87092F8779E9BF1,
,Cost,F40868CF567B420480E228AA082EEB59,2021-03-15 21:03:08.793,AD30A6D8D3B642F5A2AFED1A4B02BEFA,,,2021-03-15 21:03:08.800,AD30A6D8D3B642F5A2AFED1A4B02BEFA,,,,1,A,,0,0,,1,1,F40868CF567B420480E228AA082EEB59,5C07EB829D4241F6BB884952960FAF58,float,128,,,,,,,,Cost,25B24562BD344C45A49CB6A0A6CD6DFC,
,Cost,F409EC4453494210B7C63F789FD4D75D,2017-12-03 20:35:00.000,0F6BD6E53E9749CA9B1A2A648D741A5A,,,2017-12-03 20:35:00.000,0F6BD6E53E9749CA9B1A2A648D741A5A,,,,1,A,,0,0,,1,1,F409EC4453494210B7C63F789FD4D75D,95475AE006E7415794BDC93808DC04D2,fixed,128,,13.73,,14.35,,15.0,,Cost,FF582F00C8D140D28E19A92C1790BF68,
,Cost,F44011BAABDA42DAB706D703C2A5E595,2017-12-03 20:35:00.000,0F6BD6E53E9749CA9B1A2A648D741A5A,,,2017-12-03 20:35:00.000,0F6BD6E53E9749CA9B1A2A648D741A5A,,,,1,A,,0,0,,1,1,F44011BAABDA42DAB706D703C2A5E595,95475AE006E7415794BDC93808DC04D2,fixed,128,,6.5,,6.5,,6.5,,Cost,DF0DA7125834435E9EA4D4FB72CD3BC4,
,Cost,F4CE3519857342A087EE9CA18FA2BE62,2017-12-03 20:35:00.000,0F6BD6E53E9749CA9B1A2A648D741A5A,,,2017-12-03 20:35:00.000,0F6BD6E53E9749CA9B1A2A648D741A5A,,,,1,A,,0,0,,1,1,F4CE3519857342A087EE9CA18FA2BE62,95475AE006E7415794BDC93808DC04D2,fixed,128,,,38.495,,,,,Cost,8280D575FED242A89F2B763E5C3496C1,
,Cost,F6F496B0063F4D57B958D9B1661DC9D8,2017-12-03 20:35:00.000,0F6BD6E53E9749CA9B1A2A648D741A5A,,,2017-12-03 20:35:00.000,0F6BD6E53E9749CA9B1A2A648D741A5A,,,,1,A,,0,0,,1,1,F6F496B0063F4D57B958D9B1661DC9D8,95475AE006E7415794BDC93808DC04D2,hard_fixed,128,,,443.5369,,,,,Cost,BC5AF2203F90411999247B1C99379588,
,Cost,F7EF225C9F534D809528889F1ADF8811,2017-12-03 20:35:00.000,0F6BD6E53E9749CA9B1A2A648D741A5A,,,2017-12-03 20:35:00.000,0F6BD6E53E9749CA9B1A2A648D741A5A,,,,1,A,,0,0,,1,1,F7EF225C9F534D809528889F1ADF8811,95475AE006E7415794BDC93808DC04D2,fixed,128,,4.75,,4.75,,4.75,,Cost,7D40EEE469E44DECAA126C2DB65D0912,
,Cost,F81155E53A864DBA9B79E62967EF3EED,2021-03-15 21:02:57.257,AD30A6D8D3B642F5A2AFED1A4B02BEFA,,,2021-03-15 21:02:57.293,AD30A6D8D3B642F5A2AFED1A4B02BEFA,,,,1,A,,0,0,,1,1,F81155E53A864DBA9B79E62967EF3EED,5C07EB829D4241F6BB884952960FAF58,float,128,,1.71,,1.76,,1.79,,Cost,8D6121027ED04D92B195B471F17C3493,
,Cost,F9BB3B74F1CE4677B68C26F337BC607C,2017-12-03 20:35:00.000,0F6BD6E53E9749CA9B1A2A648D741A5A,,,2017-12-03 20:35:00.000,0F6BD6E53E9749CA9B1A2A648D741A5A,,,,1,A,,0,0,,1,1,F9BB3B74F1CE4677B68C26F337BC607C,95475AE006E7415794BDC93808DC04D2,fixed,128,,0.69,,0.71,,0.75,,Cost,A251369967D4449689A8BF6871FF4A88,
,Cost,FA0F948F8C88401B8F590854887D090D,2017-12-03 20:35:00.000,0F6BD6E53E9749CA9B1A2A648D741A5A,,,2017-12-03 20:35:00.000,0F6BD6E53E9749CA9B1A2A648D741A5A,,,,1,A,,0,0,,1,1,FA0F948F8C88401B8F590854887D090D,95475AE006E7415794BDC93808DC04D2,fixed,128,,0.09,,0.08,,0.07,,Cost,A440E01B301743FFA157D78C9B4BA680,
,Cost,FCE0EC3B25934A64A0009FD4F5D05B6E,2017-12-03 20:35:00.000,0F6BD6E53E9749CA9B1A2A648D741A5A,,,2017-12-03 20:35:00.000,0F6BD6E53E9749CA9B1A2A648D741A5A,,,,1,A,,0,0,,1,1,FCE0EC3B25934A64A0009FD4F5D05B6E,95475AE006E7415794BDC93808DC04D2,fixed,128,,3.72,,3.79,,4.0,,Cost,CF708C83692C4113908F9EEC64BEAE59,
,Cost,FF70C5EE8CF74BD99ADA30DC2F25B0CF,2017-12-03 20:35:00.000,0F6BD6E53E9749CA9B1A2A648D741A5A,,,2017-12-03 20:35:00.000,0F6BD6E53E9749CA9B1A2A648D741A5A,,,,1,A,,0,0,,1,1,FF70C5EE8CF74BD99ADA30DC2F25B0CF,95475AE006E7415794BDC93808DC04D2,fixed,128,,0.04,,0.04,,0.04,,Cost,5932FA4E8E0F4471B5C8497E2D29DD05,
