classification,keyed_name,id,created_on,created_by_id,owned_by_id,managed_by_id,modified_on,modified_by_id,current_state,state,locked_by_id,is_current,major_rev,minor_rev,is_released,not_lockable,css,generation,new_version,config_id,permission_id,source_id,behavior,team_id,external_id,external_owner,external_type,quantity,related_id,sort_order
,018887EE79674B6286A43C63FCA65FFB,018887EE79674B6286A43C63FCA65FFB,2017-10-14 14:08:00.000,E8DA8A7D08BF43B99B55465B5C4AC3BE,,,2017-10-14 14:08:00.000,E8DA8A7D08BF43B99B55465B5C4AC3BE,,,,1,A,,0,0,,1,1,018887EE79674B6286A43C63FCA65FFB,95475AE006E7415794BDC93808DC04D2,B6DC50A1D493430591C39ECEFDB8D7FA,hard_fixed,,MP2935.SLDPRT,SofTech.Mechanical.SolidWorks,,,FF7A4B9BF669452FA4DC526ED4B72668,10
,0324CE0C0176471A98763E8780E43D80,0324CE0C0176471A98763E8780E43D80,2017-10-14 14:08:00.000,E8DA8A7D08BF43B99B55465B5C4AC3BE,,,2017-10-14 14:08:00.000,E8DA8A7D08BF43B99B55465B5C4AC3BE,,,,1,A,,0,0,,1,1,0324CE0C0176471A98763E8780E43D80,95475AE006E7415794BDC93808DC04D2,DFA1AB798029407EA24BB494F6B2321C,hard_fixed,,MP2336.SLDPRT,SofTech.Mechanical.SolidWorks,,,FD9BC5D393124DB1A2C407C04832C6CD,10
,041EBB91AFE849EBB2C4D710364DAFE3,041EBB91AFE849EBB2C4D710364DAFE3,2017-10-14 14:08:00.000,E8DA8A7D08BF43B99B55465B5C4AC3BE,,,2017-10-14 14:08:00.000,E8DA8A7D08BF43B99B55465B5C4AC3BE,,,,1,A,,0,0,,1,1,041EBB91AFE849EBB2C4D710364DAFE3,95475AE006E7415794BDC93808DC04D2,E84C3527841D489B9E288DAE57C97CFA,hard_fixed,,MP2383.SLDPRT,SofTech.Mechanical.SolidWorks,,,8DBCBE397CB24239BA7389178AD9EFF0,10
,06EC1113CE834404B4691A5BFFE7010B,06EC1113CE834404B4691A5BFFE7010B,2021-03-15 21:02:57.403,AD30A6D8D3B642F5A2AFED1A4B02BEFA,,,2021-03-15 21:02:57.407,AD30A6D8D3B642F5A2AFED1A4B02BEFA,,,,1,A,,0,0,,1,1,06EC1113CE834404B4691A5BFFE7010B,5C07EB829D4241F6BB884952960FAF58,285C1BB764CA40A9BF0B88BB13E02598,hard_fixed,,MP2941.SLDASM,SofTech.Mechanical.SolidWorks,,,C560DB0CE8484790AD9B975258E6EA14,10
,074F1EB239CA43B7B2007774E841F0B4,074F1EB239CA43B7B2007774E841F0B4,2017-10-14 14:08:00.000,E8DA8A7D08BF43B99B55465B5C4AC3BE,,,2017-10-14 14:08:00.000,E8DA8A7D08BF43B99B55465B5C4AC3BE,,,,1,A,,0,0,,1,1,074F1EB239CA43B7B2007774E841F0B4,95475AE006E7415794BDC93808DC04D2,1398E942DAB948BAA7E0FAEAE04BA921,hard_fixed,,MP1709.SLDPRT,SofTech.Mechanical.SolidWorks,,,FD9648DA647B4E24B0F700420EE8F457,10
,0941C3541E9C4F75B07C71DE879E4AFB,0941C3541E9C4F75B07C71DE879E4AFB,2017-12-01 19:00:00.000,E8DA8A7D08BF43B99B55465B5C4AC3BE,,,2017-12-01 19:00:00.000,E8DA8A7D08BF43B99B55465B5C4AC3BE,,,,1,A,,0,0,,1,1,0941C3541E9C4F75B07C71DE879E4AFB,5C07EB829D4241F6BB884952960FAF58,0AA62AED57B44C638A83F30D6F4AD77F,hard_fixed,,MP2956.SLDDRW,SofTech.Mechanical.SolidWorks,,,77A787934D504190A3E0ED95EEE2D24C,20
,096B08DCB71B4021832176F8D81D5FC2,096B08DCB71B4021832176F8D81D5FC2,2021-03-15 21:03:10.947,AD30A6D8D3B642F5A2AFED1A4B02BEFA,,,2021-03-15 21:09:36.757,AD30A6D8D3B642F5A2AFED1A4B02BEFA,,,,1,A,,0,0,,1,1,096B08DCB71B4021832176F8D81D5FC2,5C07EB829D4241F6BB884952960FAF58,9B902DB0F7D0400DB778A54CF32683E2,hard_fixed,,MP0101.SLDDRW,SofTech.Mechanical.SolidWorks,,,9CA03964E3604BE6A7EDF54584945FFA,10
,0A99AFC74DB54EAF879E1783F96F9DBC,0A99AFC74DB54EAF879E1783F96F9DBC,2017-10-14 14:08:00.000,E8DA8A7D08BF43B99B55465B5C4AC3BE,,,2017-10-14 14:08:00.000,E8DA8A7D08BF43B99B55465B5C4AC3BE,,,,1,A,,0,0,,1,1,0A99AFC74DB54EAF879E1783F96F9DBC,95475AE006E7415794BDC93808DC04D2,CEA5CD3AA9134705A99AD1E3EAD607E8,hard_fixed,,MP2378.SLDPRT,SofTech.Mechanical.SolidWorks,,,14F50447C32C45C0BDAC1CA932E3326B,10
,0B307DBD05594C6E849FA68522AA782C,0B307DBD05594C6E849FA68522AA782C,2017-10-14 14:08:00.000,E8DA8A7D08BF43B99B55465B5C4AC3BE,,,2017-10-14 14:08:00.000,E8DA8A7D08BF43B99B55465B5C4AC3BE,,,,1,A,,0,0,,1,1,0B307DBD05594C6E849FA68522AA782C,5C07EB829D4241F6BB884952960FAF58,2CDED77371B9446EA4E1D000CB459C5A,hard_fixed,,MP2589.SLDPRT,SofTech.Mechanical.SolidWorks,,,4CA4783E35F3430BB9B164B0E387B686,10
,0E38895D601848DD9E0914CDCD98DA53,0E38895D601848DD9E0914CDCD98DA53,2017-10-14 14:08:00.000,E8DA8A7D08BF43B99B55465B5C4AC3BE,,,2017-10-14 14:08:00.000,E8DA8A7D08BF43B99B55465B5C4AC3BE,,,,1,A,,0,0,,1,1,0E38895D601848DD9E0914CDCD98DA53,95475AE006E7415794BDC93808DC04D2,F7AB76D5EB174CF1A5A5FF3C73401B59,hard_fixed,,MP0370.SLDPRT,SofTech.Mechanical.SolidWorks,,,6903E39AE4974C2E8D463D7431E4F42A,10
,0F18B1A2CAA34D7E8E2390311BCD3C6F,0F18B1A2CAA34D7E8E2390311BCD3C6F,2017-10-14 14:08:00.000,E8DA8A7D08BF43B99B55465B5C4AC3BE,,,2017-10-14 14:08:00.000,E8DA8A7D08BF43B99B55465B5C4AC3BE,,,,1,A,,0,0,,1,1,0F18B1A2CAA34D7E8E2390311BCD3C6F,95475AE006E7415794BDC93808DC04D2,FBF11A2028BB4C9EA7E3CDCAD0DF5031,hard_fixed,,MP1868.SLDPRT,SofTech.Mechanical.SolidWorks,,,077A59D57F0D4ADE8245D4CE8F7FEC38,10
,0FB9BF8EAAA9415F955259269E56AA0E,0FB9BF8EAAA9415F955259269E56AA0E,2017-10-14 14:08:00.000,E8DA8A7D08BF43B99B55465B5C4AC3BE,,,2017-10-14 14:08:00.000,E8DA8A7D08BF43B99B55465B5C4AC3BE,,,,1,A,,0,0,,1,1,0FB9BF8EAAA9415F955259269E56AA0E,95475AE006E7415794BDC93808DC04D2,E8B1817E1F2B48A4AA41C4ADA989B70E,hard_fixed,,MP1913.SLDPRT,SofTech.Mechanical.SolidWorks,,,8497A4DAAD97418F91E3F42C260A4DA0,10
,10C088931F2D4522A446825D9A74C104,10C088931F2D4522A446825D9A74C104,2017-10-14 14:08:00.000,E8DA8A7D08BF43B99B55465B5C4AC3BE,,,2017-10-14 14:08:00.000,E8DA8A7D08BF43B99B55465B5C4AC3BE,,,,1,A,,0,0,,1,1,10C088931F2D4522A446825D9A74C104,95475AE006E7415794BDC93808DC04D2,DA6A5821D7D043C48309566653A9C432,hard_fixed,,MP1872.SLDPRT,SofTech.Mechanical.SolidWorks,,,A2970F0E36B34DD498246785CE4268F7,10
,10F48F1C0C9E4686A6A0561B8C637959,10F48F1C0C9E4686A6A0561B8C637959,2017-10-14 14:08:00.000,E8DA8A7D08BF43B99B55465B5C4AC3BE,,,2017-10-14 14:08:00.000,E8DA8A7D08BF43B99B55465B5C4AC3BE,,,,1,A,,0,0,,1,1,10F48F1C0C9E4686A6A0561B8C637959,95475AE006E7415794BDC93808DC04D2,BC5AF2203F90411999247B1C99379588,hard_fixed,,MP2942.SLDASM,SofTech.Mechanical.SolidWorks,,,ECA56E7766E8402D82B94CA3D1C0E1EA,10
,11384EF7BBBE4C6F847FE0AD4E53B8C9,11384EF7BBBE4C6F847FE0AD4E53B8C9,2017-10-17 12:36:00.000,0F6BD6E53E9749CA9B1A2A648D741A5A,,,2017-10-17 12:36:00.000,0F6BD6E53E9749CA9B1A2A648D741A5A,,,,1,A,,0,0,,1,1,11384EF7BBBE4C6F847FE0AD4E53B8C9,95475AE006E7415794BDC93808DC04D2,DFB575A241DC456F8D4FEE188DF5BE3E,hard_fixed,,,,,,A0CAEE5F9A4844779DFF4F902292E4A6,10
,13ED489D60054EB49FD1541475D6947F,13ED489D60054EB49FD1541475D6947F,2021-03-15 21:02:57.470,AD30A6D8D3B642F5A2AFED1A4B02BEFA,,,2021-03-15 21:09:36.873,AD30A6D8D3B642F5A2AFED1A4B02BEFA,,,,1,A,,0,0,,1,1,13ED489D60054EB49FD1541475D6947F,5C07EB829D4241F6BB884952960FAF58,9A7D49A912214B588EC80CECCCD8587C,hard_fixed,,MP2942.SLDASM,SofTech.Mechanical.SolidWorks,,,F3FD7AF01F274971A2D6331C159B5B0D,10
,1406DAC7DD934A539C61BC491313EE04,1406DAC7DD934A539C61BC491313EE04,2017-10-14 14:08:00.000,E8DA8A7D08BF43B99B55465B5C4AC3BE,,,2017-10-14 14:08:00.000,E8DA8A7D08BF43B99B55465B5C4AC3BE,,,,1,A,,0,0,,1,1,1406DAC7DD934A539C61BC491313EE04,95475AE006E7415794BDC93808DC04D2,1906C46491C0445889D8A828248EF1F8,hard_fixed,,MP2753.SLDPRT,SofTech.Mechanical.SolidWorks,,,4DB10BE143A348AD9C0323B8FEF215BD,10
,154DC253336D4978A1F89F246E36C5CC,154DC253336D4978A1F89F246E36C5CC,2017-10-14 14:08:00.000,E8DA8A7D08BF43B99B55465B5C4AC3BE,,,2017-10-14 14:08:00.000,E8DA8A7D08BF43B99B55465B5C4AC3BE,,,,1,A,,0,0,,1,1,154DC253336D4978A1F89F246E36C5CC,95475AE006E7415794BDC93808DC04D2,7A934DA66BC04562A1A729602654AF32,hard_fixed,,MP2664.SLDPRT,SofTech.Mechanical.SolidWorks,,,2C67AE76FC4741738A043965C1EB6360,10
,1731120325974ACE9326849B4128FAD7,1731120325974ACE9326849B4128FAD7,2017-10-14 14:08:00.000,E8DA8A7D08BF43B99B55465B5C4AC3BE,,,2017-10-14 14:08:00.000,E8DA8A7D08BF43B99B55465B5C4AC3BE,,,,1,A,,0,0,,1,1,1731120325974ACE9326849B4128FAD7,95475AE006E7415794BDC93808DC04D2,29700480275442B2A9F94C18F8ABEEEA,hard_fixed,,MP0138.SLDPRT,SofTech.Mechanical.SolidWorks,,,2C5F428A6C2845E5AF8B421524CF96D7,10
,189794B8E5274C2A85B1871BE79DBB70,189794B8E5274C2A85B1871BE79DBB70,2017-10-14 14:08:00.000,E8DA8A7D08BF43B99B55465B5C4AC3BE,,,2017-10-14 14:08:00.000,E8DA8A7D08BF43B99B55465B5C4AC3BE,,,,1,A,,0,0,,1,1,189794B8E5274C2A85B1871BE79DBB70,95475AE006E7415794BDC93808DC04D2,D7AA1FEA74E24F45BE593416D955BD9F,hard_fixed,,MP2295.SLDPRT,SofTech.Mechanical.SolidWorks,,,A9B082EBCA64400CB4754AF129EC3412,10
,18B5459D453E450AAFBC927363010F14,18B5459D453E450AAFBC927363010F14,2017-11-28 23:45:00.000,E8DA8A7D08BF43B99B55465B5C4AC3BE,,,2017-11-28 23:45:00.000,E8DA8A7D08BF43B99B55465B5C4AC3BE,,,,1,A,,0,0,,1,1,18B5459D453E450AAFBC927363010F14,95475AE006E7415794BDC93808DC04D2,8280D575FED242A89F2B763E5C3496C1,hard_fixed,,MP2936.SLDASM,SofTech.Mechanical.SolidWorks,,,E0670C7290A74193B404247EE304807A,10
,190D7498DEDF4E508DCB9BA8F743A889,190D7498DEDF4E508DCB9BA8F743A889,2017-10-14 14:08:00.000,E8DA8A7D08BF43B99B55465B5C4AC3BE,,,2017-10-14 14:08:00.000,E8DA8A7D08BF43B99B55465B5C4AC3BE,,,,1,A,,0,0,,1,1,190D7498DEDF4E508DCB9BA8F743A889,95475AE006E7415794BDC93808DC04D2,CF708C83692C4113908F9EEC64BEAE59,hard_fixed,,MP1701.SLDPRT,SofTech.Mechanical.SolidWorks,,,4A2C89D38D404ABEAB7BC5AF9015F26A,10
,192FE536DE3241E58E0D8FC63E232611,192FE536DE3241E58E0D8FC63E232611,2017-10-14 14:08:00.000,E8DA8A7D08BF43B99B55465B5C4AC3BE,,,2017-10-14 14:08:00.000,E8DA8A7D08BF43B99B55465B5C4AC3BE,,,,1,A,,0,0,,1,1,192FE536DE3241E58E0D8FC63E232611,95475AE006E7415794BDC93808DC04D2,7F2ABFB447CC449A81CC5327643F0F44,hard_fixed,,MP2194.SLDPRT,SofTech.Mechanical.SolidWorks,,,053F1CD1EC9949E88F3CE55883EBCAEA,10
,19464B085F6A42C0BC8A12B1C1D575E7,19464B085F6A42C0BC8A12B1C1D575E7,2017-11-28 23:45:00.000,E8DA8A7D08BF43B99B55465B5C4AC3BE,,,2017-11-28 23:45:00.000,E8DA8A7D08BF43B99B55465B5C4AC3BE,,,,1,A,,0,0,,1,1,19464B085F6A42C0BC8A12B1C1D575E7,95475AE006E7415794BDC93808DC04D2,C80FFD3CE7F24CB2B3A806EE5EA870EE,hard_fixed,,MP2350.SLDPRT,SofTech.Mechanical.SolidWorks,,,C7C8D846CEF94EF5B3FDDCE9DDC3A5A9,10
,19C090F45A6A4C2692F7DB06E6076E6C,19C090F45A6A4C2692F7DB06E6076E6C,2017-11-11 22:03:00.000,18DF23B3851D4C9FA1B96E9CF1F585A8,,,2017-11-11 22:03:00.000,18DF23B3851D4C9FA1B96E9CF1F585A8,,,,1,A,,0,0,,1,1,19C090F45A6A4C2692F7DB06E6076E6C,5C07EB829D4241F6BB884952960FAF58,C505C3BB83EC46F383C1E5CFA67AACD2,hard_fixed,,MP0103.SLDASM,SofTech.Mechanical.SolidWorks,,,C91791D95D484AA5B3B006D219272861,10
,1B330F06920A4E91B8581BA4305BD330,1B330F06920A4E91B8581BA4305BD330,2021-03-15 21:03:08.777,AD30A6D8D3B642F5A2AFED1A4B02BEFA,,,2021-03-15 21:09:36.977,AD30A6D8D3B642F5A2AFED1A4B02BEFA,,,,1,A,,0,0,,1,1,1B330F06920A4E91B8581BA4305BD330,5C07EB829D4241F6BB884952960FAF58,25B24562BD344C45A49CB6A0A6CD6DFC,hard_fixed,,MP2954.SLDASM,SofTech.Mechanical.SolidWorks,,,E376520D4E6F465AA9D69885FD654FE0,10
,1B8902636A0641E5B2798B50821A03F9,1B8902636A0641E5B2798B50821A03F9,2017-10-14 14:08:00.000,E8DA8A7D08BF43B99B55465B5C4AC3BE,,,2017-10-14 14:08:00.000,E8DA8A7D08BF43B99B55465B5C4AC3BE,,,,1,A,,0,0,,1,1,1B8902636A0641E5B2798B50821A03F9,95475AE006E7415794BDC93808DC04D2,63FDE786A9DD40A5B090511DEB0F6419,hard_fixed,,MP2384.SLDPRT,SofTech.Mechanical.SolidWorks,,,82688BFA66234E379D545F7863BEE166,10
,1BB16FE586ED44B2AD0620565071448B,1BB16FE586ED44B2AD0620565071448B,2017-10-14 14:08:00.000,E8DA8A7D08BF43B99B55465B5C4AC3BE,,,2017-10-14 14:08:00.000,E8DA8A7D08BF43B99B55465B5C4AC3BE,,,,1,A,,0,0,,1,1,1BB16FE586ED44B2AD0620565071448B,95475AE006E7415794BDC93808DC04D2,01B2F67D451D491D84FD5209F44A8F35,hard_fixed,,,SofTech.Mechanical.SolidWorks,,,EAE8D5E4DF574A249486CE78DB1BF612,10
,20FE32650B584CE1ACC88C74B9E486C5,20FE32650B584CE1ACC88C74B9E486C5,2017-10-14 14:08:00.000,E8DA8A7D08BF43B99B55465B5C4AC3BE,,,2017-10-14 14:08:00.000,E8DA8A7D08BF43B99B55465B5C4AC3BE,,,,1,A,,0,0,,1,1,20FE32650B584CE1ACC88C74B9E486C5,95475AE006E7415794BDC93808DC04D2,EE5EDA69A81A4839B1CE47116F3287DB,hard_fixed,,MP1531.SLDPRT,SofTech.Mechanical.SolidWorks,,,AD48E6FAC172405EA3157DF335D3DF17,10
,21377DC0A1E747369198A9BB1DA95CF4,21377DC0A1E747369198A9BB1DA95CF4,2017-10-14 14:08:00.000,E8DA8A7D08BF43B99B55465B5C4AC3BE,,,2017-10-14 14:08:00.000,E8DA8A7D08BF43B99B55465B5C4AC3BE,,,,1,A,,0,0,,1,1,21377DC0A1E747369198A9BB1DA95CF4,95475AE006E7415794BDC93808DC04D2,02963C4DABE44E12A243C5CB3FA322DF,hard_fixed,,MP2407.SLDPRT,SofTech.Mechanical.SolidWorks,,,3495C1126DB14BEA8BB09591260DABAB,10
,21CA082F1F9044558ECFAB4B7B5CD808,21CA082F1F9044558ECFAB4B7B5CD808,2017-10-14 14:08:00.000,E8DA8A7D08BF43B99B55465B5C4AC3BE,,,2017-10-14 14:08:00.000,E8DA8A7D08BF43B99B55465B5C4AC3BE,,,,1,A,,0,0,,1,1,21CA082F1F9044558ECFAB4B7B5CD808,95475AE006E7415794BDC93808DC04D2,03E6B50FF17441168C73A1FF5ABCF891,hard_fixed,,MP1913.SLDPRT,SofTech.Mechanical.SolidWorks,,,8497A4DAAD97418F91E3F42C260A4DA0,10
,21DFC3DCCD13496FA57F15666D9CD840,21DFC3DCCD13496FA57F15666D9CD840,2017-10-14 14:08:00.000,E8DA8A7D08BF43B99B55465B5C4AC3BE,,,2017-10-14 14:08:00.000,E8DA8A7D08BF43B99B55465B5C4AC3BE,,,,1,A,,0,0,,1,1,21DFC3DCCD13496FA57F15666D9CD840,95475AE006E7415794BDC93808DC04D2,731FC75EC97642ED9DEB270AB0F0B505,hard_fixed,,MP2940.SLDASM,SofTech.Mechanical.SolidWorks,,,C95BEBB87AC2420CA36118B22150DA2D,10
,22B0148C0BBA4C989F4A73B6BCC4D4D7,22B0148C0BBA4C989F4A73B6BCC4D4D7,2021-03-15 21:02:57.470,AD30A6D8D3B642F5A2AFED1A4B02BEFA,,,2021-03-15 21:09:36.923,AD30A6D8D3B642F5A2AFED1A4B02BEFA,,,,1,A,,0,0,,1,1,22B0148C0BBA4C989F4A73B6BCC4D4D7,5C07EB829D4241F6BB884952960FAF58,9A7D49A912214B588EC80CECCCD8587C,hard_fixed,,MP2942.SLDDRW,SofTech.Mechanical.SolidWorks,,,E8D0FD7078C542DFAE02E6B571A31824,20
,27D73A636EA24823A4613FBE58C3018F,27D73A636EA24823A4613FBE58C3018F,2017-10-14 14:08:00.000,E8DA8A7D08BF43B99B55465B5C4AC3BE,,,2017-10-14 14:08:00.000,E8DA8A7D08BF43B99B55465B5C4AC3BE,,,,1,A,,0,0,,1,1,27D73A636EA24823A4613FBE58C3018F,95475AE006E7415794BDC93808DC04D2,615A864791234ACF85B26E8D5E81B08C,hard_fixed,,MP2322.SLDPRT,SofTech.Mechanical.SolidWorks,,,4CC6CA0C7B2A4AFD98A417F5A6749A23,10
,27EF39503C0749C4BC49B674E5E68D85,27EF39503C0749C4BC49B674E5E68D85,2017-10-17 12:36:00.000,0F6BD6E53E9749CA9B1A2A648D741A5A,,,2017-10-17 12:36:00.000,0F6BD6E53E9749CA9B1A2A648D741A5A,,,,1,A,,0,0,,1,1,27EF39503C0749C4BC49B674E5E68D85,95475AE006E7415794BDC93808DC04D2,01B2F67D451D491D84FD5209F44A8F35,hard_fixed,,,,,,6C04DE9D380E4CF295ED9381C64DC3C6,10
,28923D4139404658A3CF997615AC7F51,28923D4139404658A3CF997615AC7F51,2017-10-14 14:08:00.000,E8DA8A7D08BF43B99B55465B5C4AC3BE,,,2017-10-14 14:08:00.000,E8DA8A7D08BF43B99B55465B5C4AC3BE,,,,1,A,,0,0,,1,1,28923D4139404658A3CF997615AC7F51,95475AE006E7415794BDC93808DC04D2,6CF3D3080E994B5F925D2D612575E056,hard_fixed,,MP0977.SLDPRT,SofTech.Mechanical.SolidWorks,,,58F3C21D86444D0E8CBA125CC52DC3DA,10
,2B3C3AB49B2E4DB5866C7DEF4DAD9D83,2B3C3AB49B2E4DB5866C7DEF4DAD9D83,2017-10-14 14:08:00.000,E8DA8A7D08BF43B99B55465B5C4AC3BE,,,2017-10-14 14:08:00.000,E8DA8A7D08BF43B99B55465B5C4AC3BE,,,,1,A,,0,0,,1,1,2B3C3AB49B2E4DB5866C7DEF4DAD9D83,95475AE006E7415794BDC93808DC04D2,2C997FC81EBA4B2CB9C32E06812A7AC7,hard_fixed,,MP2683.SLDPRT,SofTech.Mechanical.SolidWorks,,,3510A354F66F4BA0BF043E6359D31426,10
,2CC388827CCF44AFBD9EF3350E1E813C,2CC388827CCF44AFBD9EF3350E1E813C,2017-10-14 14:08:00.000,E8DA8A7D08BF43B99B55465B5C4AC3BE,,,2017-10-14 14:08:00.000,E8DA8A7D08BF43B99B55465B5C4AC3BE,,,,1,A,,0,0,,1,1,2CC388827CCF44AFBD9EF3350E1E813C,5C07EB829D4241F6BB884952960FAF58,00580D67C81147258BD3B89EE1318E58,hard_fixed,,MP1794.SLDPRT,SofTech.Mechanical.SolidWorks,,,C84C0C016A5D47D3B901301D30A096AB,10
,2D82348A09E542418BEA149F3DC9D6E0,2D82348A09E542418BEA149F3DC9D6E0,2017-10-14 14:08:00.000,E8DA8A7D08BF43B99B55465B5C4AC3BE,,,2017-10-14 14:08:00.000,E8DA8A7D08BF43B99B55465B5C4AC3BE,,,,1,A,,0,0,,1,1,2D82348A09E542418BEA149F3DC9D6E0,95475AE006E7415794BDC93808DC04D2,A456BC07346E4A789C459B6BBF26714A,hard_fixed,,MP2459.SLDPRT,SofTech.Mechanical.SolidWorks,,,139979877AFE4DA5A9D65657FC3B0BFD,10
,2E3E9E3686B248799ACD8CEC2129BB90,2E3E9E3686B248799ACD8CEC2129BB90,2017-10-25 20:33:00.000,E8DA8A7D08BF43B99B55465B5C4AC3BE,,,2017-10-25 20:33:00.000,E8DA8A7D08BF43B99B55465B5C4AC3BE,,,,1,A,,0,0,,1,1,2E3E9E3686B248799ACD8CEC2129BB90,95475AE006E7415794BDC93808DC04D2,39CB2792B428432490200368B87DE9CA,hard_fixed,,MP2954.SLDDRW,SofTech.Mechanical.SolidWorks,,,24005F7822634762A73612F536ACE13B,20
,30134C4F3D524E1F9F94CD5AD2E2C234,30134C4F3D524E1F9F94CD5AD2E2C234,2017-10-14 14:08:00.000,E8DA8A7D08BF43B99B55465B5C4AC3BE,,,2017-10-14 14:08:00.000,E8DA8A7D08BF43B99B55465B5C4AC3BE,,,,1,A,,0,0,,1,1,30134C4F3D524E1F9F94CD5AD2E2C234,95475AE006E7415794BDC93808DC04D2,CFB85B57DE9A43CC9D9371B85C87E672,hard_fixed,,MP1532.SLDPRT,SofTech.Mechanical.SolidWorks,,,19F10AD08DCA49ADB9AF9DB20299D389,10
,3740AA312A79434A9B5B9ACBD80C70B4,3740AA312A79434A9B5B9ACBD80C70B4,2017-10-14 14:08:00.000,E8DA8A7D08BF43B99B55465B5C4AC3BE,,,2017-10-14 14:08:00.000,E8DA8A7D08BF43B99B55465B5C4AC3BE,,,,1,A,,0,0,,1,1,3740AA312A79434A9B5B9ACBD80C70B4,95475AE006E7415794BDC93808DC04D2,FCC31BED382D4C82B67CAD3CD1050936,hard_fixed,,MP2347.SLDPRT,SofTech.Mechanical.SolidWorks,,,1839777432E74DCEBA6B695BB61C19F9,10
,37B641F744B14D5F8857BEAA897829B4,37B641F744B14D5F8857BEAA897829B4,2017-10-14 14:08:00.000,E8DA8A7D08BF43B99B55465B5C4AC3BE,,,2017-10-14 14:08:00.000,E8DA8A7D08BF43B99B55465B5C4AC3BE,,,,1,A,,0,0,,1,1,37B641F744B14D5F8857BEAA897829B4,95475AE006E7415794BDC93808DC04D2,FF5D75695CC648EDB8FB43FF8BCD0103,hard_fixed,,MP0370.SLDPRT,SofTech.Mechanical.SolidWorks,,,6903E39AE4974C2E8D463D7431E4F42A,10
,37B98FA09BA14A33A87074FEB655E270,37B98FA09BA14A33A87074FEB655E270,2017-10-14 14:08:00.000,E8DA8A7D08BF43B99B55465B5C4AC3BE,,,2017-10-14 14:08:00.000,E8DA8A7D08BF43B99B55465B5C4AC3BE,,,,1,A,,0,0,,1,1,37B98FA09BA14A33A87074FEB655E270,95475AE006E7415794BDC93808DC04D2,244A8D77406E413A8D2BDC21558327CB,hard_fixed,,MP0370.SLDPRT,SofTech.Mechanical.SolidWorks,,,6903E39AE4974C2E8D463D7431E4F42A,10
,37CE4A6E7EB84156B87F4F74C5E94B14,37CE4A6E7EB84156B87F4F74C5E94B14,2017-10-14 14:08:00.000,E8DA8A7D08BF43B99B55465B5C4AC3BE,,,2017-10-14 14:08:00.000,E8DA8A7D08BF43B99B55465B5C4AC3BE,,,,1,A,,0,0,,1,1,37CE4A6E7EB84156B87F4F74C5E94B14,95475AE006E7415794BDC93808DC04D2,A48FFEC7AA934538BA6AE4099C0CEDFF,hard_fixed,,MP2690.SLDPRT,SofTech.Mechanical.SolidWorks,,,5311686E397C40AFBBF17B70508869D1,10
,3A9BA2AE092E4CA68226596573F47101,3A9BA2AE092E4CA68226596573F47101,2017-10-14 14:08:00.000,E8DA8A7D08BF43B99B55465B5C4AC3BE,,,2017-10-14 14:08:00.000,E8DA8A7D08BF43B99B55465B5C4AC3BE,,,,1,A,,0,0,,1,1,3A9BA2AE092E4CA68226596573F47101,95475AE006E7415794BDC93808DC04D2,11BB52561B524B27A3970BC7188C6854,hard_fixed,,MP2337.SLDPRT,SofTech.Mechanical.SolidWorks,,,9B1A712518744AEC9E9C281FE9F00DA9,10
,3B058EDA65AA49B1A18861F51798F190,3B058EDA65AA49B1A18861F51798F190,2017-10-14 14:08:00.000,E8DA8A7D08BF43B99B55465B5C4AC3BE,,,2017-10-14 14:08:00.000,E8DA8A7D08BF43B99B55465B5C4AC3BE,,,,1,A,,0,0,,1,1,3B058EDA65AA49B1A18861F51798F190,95475AE006E7415794BDC93808DC04D2,D00163AB045542CD8F0360E72918000E,hard_fixed,,MP1708.SLDPRT,SofTech.Mechanical.SolidWorks,,,A0240EC0DF08430B94BABFA706C28A96,10
,3C099A9CFC4F4D79B762B3D9704A5CD1,3C099A9CFC4F4D79B762B3D9704A5CD1,2017-10-14 14:08:00.000,E8DA8A7D08BF43B99B55465B5C4AC3BE,,,2017-10-14 14:08:00.000,E8DA8A7D08BF43B99B55465B5C4AC3BE,,,,1,A,,0,0,,1,1,3C099A9CFC4F4D79B762B3D9704A5CD1,95475AE006E7415794BDC93808DC04D2,ACC1D756F6744B10AFEF4779C62159D0,hard_fixed,,MP1705.SLDPRT,SofTech.Mechanical.SolidWorks,,,0153A113E7514B79A354330540D856F1,10
,3CCD181A6BB340BA93B4356AFE78CF84,3CCD181A6BB340BA93B4356AFE78CF84,2017-10-14 14:08:00.000,E8DA8A7D08BF43B99B55465B5C4AC3BE,,,2017-10-14 14:08:00.000,E8DA8A7D08BF43B99B55465B5C4AC3BE,,,,1,A,,0,0,,1,1,3CCD181A6BB340BA93B4356AFE78CF84,95475AE006E7415794BDC93808DC04D2,D2A76DA5A5EA43BF95F3B83355B5BD04,hard_fixed,,MP2590.SLDPRT,SofTech.Mechanical.SolidWorks,,,F8E2B6F455F1471D885C17DBAE0D8EE1,10
,3DBC0E920ED345DA984FEE2BA4D59EF0,3DBC0E920ED345DA984FEE2BA4D59EF0,2017-10-14 14:08:00.000,E8DA8A7D08BF43B99B55465B5C4AC3BE,,,2017-10-14 14:08:00.000,E8DA8A7D08BF43B99B55465B5C4AC3BE,,,,1,A,,0,0,,1,1,3DBC0E920ED345DA984FEE2BA4D59EF0,95475AE006E7415794BDC93808DC04D2,FEF7E0680A084E9C9A7D8C42F3F0E6DA,hard_fixed,,MP2313.SLDPRT,SofTech.Mechanical.SolidWorks,,,C5099A75B9B547EAA03D8B205D715958,10
,417CF6EFD4AE4E079BB53AA787AA6D67,417CF6EFD4AE4E079BB53AA787AA6D67,2017-10-14 14:08:00.000,E8DA8A7D08BF43B99B55465B5C4AC3BE,,,2017-10-14 14:08:00.000,E8DA8A7D08BF43B99B55465B5C4AC3BE,,,,1,A,,0,0,,1,1,417CF6EFD4AE4E079BB53AA787AA6D67,95475AE006E7415794BDC93808DC04D2,20D920CAC7854A5EB3BC6FA8B5B5B4EE,hard_fixed,,MP2827.SLDPRT,SofTech.Mechanical.SolidWorks,,,930A7662EC5B48679DE54E20F41AB402,10
,41BE7B7E96384609A297D7CE8076D3E7,41BE7B7E96384609A297D7CE8076D3E7,2017-10-14 14:08:00.000,E8DA8A7D08BF43B99B55465B5C4AC3BE,,,2017-10-14 14:08:00.000,E8DA8A7D08BF43B99B55465B5C4AC3BE,,,,1,A,,0,0,,1,1,41BE7B7E96384609A297D7CE8076D3E7,95475AE006E7415794BDC93808DC04D2,D1C5E05722444C3CBF5A698947DD27C5,hard_fixed,,MP2667.SLDPRT,SofTech.Mechanical.SolidWorks,,,516697233509415BA9CB5DC073BFB4EA,10
,41D14488DA5F45879F784547857B829B,41D14488DA5F45879F784547857B829B,2017-11-28 23:45:00.000,E8DA8A7D08BF43B99B55465B5C4AC3BE,,,2017-11-28 23:45:00.000,E8DA8A7D08BF43B99B55465B5C4AC3BE,,,,1,A,,0,0,,1,1,41D14488DA5F45879F784547857B829B,95475AE006E7415794BDC93808DC04D2,6CF4ADC43C0F47ECAF87A292349AE17B,hard_fixed,,MP2948.SLDASM,SofTech.Mechanical.SolidWorks,,,7771395A444F40008B7C9A417396FB90,10
,4419091857914BBEB2FE38A1C362EC8E,4419091857914BBEB2FE38A1C362EC8E,2017-10-17 12:36:00.000,0F6BD6E53E9749CA9B1A2A648D741A5A,,,2017-10-17 12:36:00.000,0F6BD6E53E9749CA9B1A2A648D741A5A,,,,1,A,,0,0,,1,1,4419091857914BBEB2FE38A1C362EC8E,5C07EB829D4241F6BB884952960FAF58,F43182EEABD24A73A25BBB0CDDF91AE2,hard_fixed,,MP2977.SLDPRT,SofTech.Mechanical.SolidWorks,,,1364DBB03A55442CA6CDFFBD05897A02,10
,47134933EC5543C0B48828E563DC29CF,47134933EC5543C0B48828E563DC29CF,2017-10-14 14:08:00.000,E8DA8A7D08BF43B99B55465B5C4AC3BE,,,2017-10-14 14:08:00.000,E8DA8A7D08BF43B99B55465B5C4AC3BE,,,,1,A,,0,0,,1,1,47134933EC5543C0B48828E563DC29CF,95475AE006E7415794BDC93808DC04D2,FCC580D88DC54FB4B9F091254AA8699C,hard_fixed,,MP0370.SLDPRT,SofTech.Mechanical.SolidWorks,,,6903E39AE4974C2E8D463D7431E4F42A,10
,487A049A3BB0412EA76F03B2B837ACBB,487A049A3BB0412EA76F03B2B837ACBB,2017-10-14 14:08:00.000,E8DA8A7D08BF43B99B55465B5C4AC3BE,,,2017-10-14 14:08:00.000,E8DA8A7D08BF43B99B55465B5C4AC3BE,,,,1,A,,0,0,,1,1,487A049A3BB0412EA76F03B2B837ACBB,95475AE006E7415794BDC93808DC04D2,1A8DD513009C47789DCB8BDF9937DA4A,hard_fixed,,MP0979.SLDPRT,SofTech.Mechanical.SolidWorks,,,C98FB98D62BD4E869BB068559857907B,10
,4892790B720D466EA7E9A8EBD10413F9,4892790B720D466EA7E9A8EBD10413F9,2017-10-14 14:08:00.000,E8DA8A7D08BF43B99B55465B5C4AC3BE,,,2017-10-14 14:08:00.000,E8DA8A7D08BF43B99B55465B5C4AC3BE,,,,1,A,,0,0,,1,1,4892790B720D466EA7E9A8EBD10413F9,95475AE006E7415794BDC93808DC04D2,6D511886B1E946CC9C5E78C29D2D8383,hard_fixed,,MP2953.SLDPRT,SofTech.Mechanical.SolidWorks,,,AA5BB68925014600AB96D629EB2D0652,10
,4A2DDB41869846048F9A6AEFC6D32A36,4A2DDB41869846048F9A6AEFC6D32A36,2017-10-14 14:08:00.000,E8DA8A7D08BF43B99B55465B5C4AC3BE,,,2017-10-14 14:08:00.000,E8DA8A7D08BF43B99B55465B5C4AC3BE,,,,1,A,,0,0,,1,1,4A2DDB41869846048F9A6AEFC6D32A36,95475AE006E7415794BDC93808DC04D2,79D68567065045F59E19125898CFF019,hard_fixed,,MP2414.SLDPRT,SofTech.Mechanical.SolidWorks,,,D3683FFAFF5F47C4933762CD34A5CECA,10
,4B0E6FFA0839427F8AF3B71D18D2E925,4B0E6FFA0839427F8AF3B71D18D2E925,2017-10-14 14:08:00.000,E8DA8A7D08BF43B99B55465B5C4AC3BE,,,2017-10-14 14:08:00.000,E8DA8A7D08BF43B99B55465B5C4AC3BE,,,,1,A,,0,0,,1,1,4B0E6FFA0839427F8AF3B71D18D2E925,95475AE006E7415794BDC93808DC04D2,18600EFF66564595B3545D5638E6E446,hard_fixed,,MP2340.SLDPRT,SofTech.Mechanical.SolidWorks,,,D73EB672BDF146328810E814EC58C0EE,10
,4D8D45F11B23490391C76CB39D6291B9,4D8D45F11B23490391C76CB39D6291B9,2017-10-17 12:36:00.000,0F6BD6E53E9749CA9B1A2A648D741A5A,,,2017-10-17 12:36:00.000,0F6BD6E53E9749CA9B1A2A648D741A5A,,,,1,A,,0,0,,1,1,4D8D45F11B23490391C76CB39D6291B9,95475AE006E7415794BDC93808DC04D2,A131DD7D3ED744648DB7E11DFED891EC,hard_fixed,,,,,,4EF2125AE98049C38DDB121238C2B6A3,10
,51DA8A3C17BE41AD801DC9F5A9C4A199,51DA8A3C17BE41AD801DC9F5A9C4A199,2017-10-14 14:08:00.000,E8DA8A7D08BF43B99B55465B5C4AC3BE,,,2017-10-14 14:08:00.000,E8DA8A7D08BF43B99B55465B5C4AC3BE,,,,1,A,,0,0,,1,1,51DA8A3C17BE41AD801DC9F5A9C4A199,95475AE006E7415794BDC93808DC04D2,C0F8E890509342469358F11DA2BAD8DC,hard_fixed,,MP2468.SLDPRT,SofTech.Mechanical.SolidWorks,,,697D29A9F22647BFA6956870EDBE4C12,10
,51E4B362C7E74C119C3067722CBEC3B2,51E4B362C7E74C119C3067722CBEC3B2,2017-10-14 14:08:00.000,E8DA8A7D08BF43B99B55465B5C4AC3BE,,,2017-10-14 14:08:00.000,E8DA8A7D08BF43B99B55465B5C4AC3BE,,,,1,A,,0,0,,1,1,51E4B362C7E74C119C3067722CBEC3B2,95475AE006E7415794BDC93808DC04D2,10A19507C6B14AE7A74812358C7B6130,hard_fixed,,MP1707.SLDPRT,SofTech.Mechanical.SolidWorks,,,6C517A893DE54556B9194B76C0596E47,10
,5222091CD6B444D18A262FB8D5053D44,5222091CD6B444D18A262FB8D5053D44,2017-10-14 14:08:00.000,E8DA8A7D08BF43B99B55465B5C4AC3BE,,,2017-10-14 14:08:00.000,E8DA8A7D08BF43B99B55465B5C4AC3BE,,,,1,A,,0,0,,1,1,5222091CD6B444D18A262FB8D5053D44,95475AE006E7415794BDC93808DC04D2,A8D5E839DF11472A86619F0E519134FE,hard_fixed,,MP2961.SLDASM,SofTech.Mechanical.SolidWorks,,,14A29A57A2804EAFA697D8C6AF5D58FD,10
,54E368B2BEA84813815FAE6F975AF810,54E368B2BEA84813815FAE6F975AF810,2017-10-14 14:08:00.000,E8DA8A7D08BF43B99B55465B5C4AC3BE,,,2017-10-14 14:08:00.000,E8DA8A7D08BF43B99B55465B5C4AC3BE,,,,1,A,,0,0,,1,1,54E368B2BEA84813815FAE6F975AF810,5C07EB829D4241F6BB884952960FAF58,197ED5180918430CB338B48C97A118CB,hard_fixed,,MP0370.SLDPRT,SofTech.Mechanical.SolidWorks,,,6903E39AE4974C2E8D463D7431E4F42A,10
,56ABAB1A51334C33896F0E212A7665D8,56ABAB1A51334C33896F0E212A7665D8,2017-10-14 14:08:00.000,E8DA8A7D08BF43B99B55465B5C4AC3BE,,,2017-10-14 14:08:00.000,E8DA8A7D08BF43B99B55465B5C4AC3BE,,,,1,A,,0,0,,1,1,56ABAB1A51334C33896F0E212A7665D8,95475AE006E7415794BDC93808DC04D2,BAD8BAD29FED4C1A83FC83A1253871CD,hard_fixed,,MP2441.SLDPRT,SofTech.Mechanical.SolidWorks,,,D75AE599D8B94E769E42A1CB31A37046,10
,56CB727F6CC44D7CBB08241C314E5699,56CB727F6CC44D7CBB08241C314E5699,2017-10-14 14:08:00.000,E8DA8A7D08BF43B99B55465B5C4AC3BE,,,2017-10-14 14:08:00.000,E8DA8A7D08BF43B99B55465B5C4AC3BE,,,,1,A,,0,0,,1,1,56CB727F6CC44D7CBB08241C314E5699,95475AE006E7415794BDC93808DC04D2,1E15DD3CFE944908830A07E6174648F2,hard_fixed,,MP1915.SLDPRT,SofTech.Mechanical.SolidWorks,,,3154CD8BD2124B59853D2801F65CE4D5,10
,5CF63EF4ABCC4D9FBA91D8250F4B9C69,5CF63EF4ABCC4D9FBA91D8250F4B9C69,2017-10-14 14:08:00.000,E8DA8A7D08BF43B99B55465B5C4AC3BE,,,2017-10-14 14:08:00.000,E8DA8A7D08BF43B99B55465B5C4AC3BE,,,,1,A,,0,0,,1,1,5CF63EF4ABCC4D9FBA91D8250F4B9C69,95475AE006E7415794BDC93808DC04D2,ECADE8078F1746EB8F6143561F7D4385,hard_fixed,,MP2684.SLDPRT,SofTech.Mechanical.SolidWorks,,,A3D4C97197D54F638F7C2FF9C9443072,10
,5D0B91A982A34592987785DCFF44A9C1,5D0B91A982A34592987785DCFF44A9C1,2017-11-28 23:45:00.000,E8DA8A7D08BF43B99B55465B5C4AC3BE,,,2017-11-28 23:45:00.000,E8DA8A7D08BF43B99B55465B5C4AC3BE,,,,1,A,,0,0,,1,1,5D0B91A982A34592987785DCFF44A9C1,95475AE006E7415794BDC93808DC04D2,4AE1B244824F42C49811A6FC33431D5E,hard_fixed,,MP2951.SLDASM,SofTech.Mechanical.SolidWorks,,,7237761A574943B7AAFF5315CA0BAA30,10
,5D11D54DB5FF455AA3955D03136B8384,5D11D54DB5FF455AA3955D03136B8384,2017-10-14 14:08:00.000,E8DA8A7D08BF43B99B55465B5C4AC3BE,,,2017-10-14 14:08:00.000,E8DA8A7D08BF43B99B55465B5C4AC3BE,,,,1,A,,0,0,,1,1,5D11D54DB5FF455AA3955D03136B8384,95475AE006E7415794BDC93808DC04D2,FA546E6127744313BD124C84763972A2,hard_fixed,,MP2937.SLDPRT,SofTech.Mechanical.SolidWorks,,,31637897E77048709C149294EC54014A,10
,5EF817F45A894ECFAB4603673B87FFA4,5EF817F45A894ECFAB4603673B87FFA4,2017-10-14 14:08:00.000,E8DA8A7D08BF43B99B55465B5C4AC3BE,,,2017-10-14 14:08:00.000,E8DA8A7D08BF43B99B55465B5C4AC3BE,,,,1,A,,0,0,,1,1,5EF817F45A894ECFAB4603673B87FFA4,95475AE006E7415794BDC93808DC04D2,FB0CB50C7C364AD8A692F6B2FF0EA76B,hard_fixed,,MP2754.SLDPRT,SofTech.Mechanical.SolidWorks,,,BE276CF5DE2949FAAC11475121F2DAB0,10
,61F920DDBCD74B1C95AF0677907E69E5,61F920DDBCD74B1C95AF0677907E69E5,2017-10-14 14:08:00.000,E8DA8A7D08BF43B99B55465B5C4AC3BE,,,2017-10-14 14:08:00.000,E8DA8A7D08BF43B99B55465B5C4AC3BE,,,,1,A,,0,0,,1,1,61F920DDBCD74B1C95AF0677907E69E5,95475AE006E7415794BDC93808DC04D2,5620EAB3E6F34A4C9B02F753C484AEBB,hard_fixed,,MP2952.SLDASM,SofTech.Mechanical.SolidWorks,,,B9132DD42B6542AF8F0E808B1B9A5F2C,10
,6334F63FE2534906BD024BDE53A2410E,6334F63FE2534906BD024BDE53A2410E,2017-10-14 14:08:00.000,E8DA8A7D08BF43B99B55465B5C4AC3BE,,,2017-10-14 14:08:00.000,E8DA8A7D08BF43B99B55465B5C4AC3BE,,,,1,A,,0,0,,1,1,6334F63FE2534906BD024BDE53A2410E,95475AE006E7415794BDC93808DC04D2,A322282BD2B34FCAB8B33564096C53C7,hard_fixed,,MP2665.SLDPRT,SofTech.Mechanical.SolidWorks,,,25B3960880004E1A8B9BED083E9A8C8A,10
,662ED4D0620A41A0A4550D475442A2A0,662ED4D0620A41A0A4550D475442A2A0,2017-10-14 14:08:00.000,E8DA8A7D08BF43B99B55465B5C4AC3BE,,,2017-10-14 14:08:00.000,E8DA8A7D08BF43B99B55465B5C4AC3BE,,,,1,A,,0,0,,1,1,662ED4D0620A41A0A4550D475442A2A0,95475AE006E7415794BDC93808DC04D2,F1E4DC882E0D4848B69D4B9F55EC4DBA,hard_fixed,,MP2965.SLDPRT,SofTech.Mechanical.SolidWorks,,,AB9E32FA6A014B618900AF78626513AB,10
,67C1A07BA15843EAB5836A845F6279BE,67C1A07BA15843EAB5836A845F6279BE,2017-10-14 14:08:00.000,E8DA8A7D08BF43B99B55465B5C4AC3BE,,,2017-10-14 14:08:00.000,E8DA8A7D08BF43B99B55465B5C4AC3BE,,,,1,A,,0,0,,1,1,67C1A07BA15843EAB5836A845F6279BE,5C07EB829D4241F6BB884952960FAF58,88496F679E334C7AA26685B07F0D4BBF,hard_fixed,,MP0370.SLDPRT,SofTech.Mechanical.SolidWorks,,,6903E39AE4974C2E8D463D7431E4F42A,10
,683D5A10C0D8478C8970C78B5B83C64D,683D5A10C0D8478C8970C78B5B83C64D,2021-03-15 21:02:57.650,AD30A6D8D3B642F5A2AFED1A4B02BEFA,,,2021-03-15 21:02:57.660,AD30A6D8D3B642F5A2AFED1A4B02BEFA,,,,1,A,,0,0,,1,1,683D5A10C0D8478C8970C78B5B83C64D,5C07EB829D4241F6BB884952960FAF58,793E1C139E074B8395173423026084C8,hard_fixed,,,SofTech.Mechanical.SolidWorks,,,5ED98C5C96D244BE948413278D86465D,10
,6AB0B32CDF8C40038BABB2F1D42D58E5,6AB0B32CDF8C40038BABB2F1D42D58E5,2017-10-14 14:08:00.000,E8DA8A7D08BF43B99B55465B5C4AC3BE,,,2017-10-14 14:08:00.000,E8DA8A7D08BF43B99B55465B5C4AC3BE,,,,1,A,,0,0,,1,1,6AB0B32CDF8C40038BABB2F1D42D58E5,95475AE006E7415794BDC93808DC04D2,67279A7BB9884423AC4E41C4C1DA5B24,hard_fixed,,MP2506.SLDPRT,SofTech.Mechanical.SolidWorks,,,43B41FEBD4694BA8AD60E36E8014C975,10
,6BB21165D5E6460DB44B0BADB2A0CBFD,6BB21165D5E6460DB44B0BADB2A0CBFD,2017-10-14 14:08:00.000,E8DA8A7D08BF43B99B55465B5C4AC3BE,,,2017-10-14 14:08:00.000,E8DA8A7D08BF43B99B55465B5C4AC3BE,,,,1,A,,0,0,,1,1,6BB21165D5E6460DB44B0BADB2A0CBFD,95475AE006E7415794BDC93808DC04D2,6E214A35594C42E2B23A0436022DE3D9,hard_fixed,,MP1703.SLDPRT,SofTech.Mechanical.SolidWorks,,,814BC4126D4A402FB64A249A3BDDA645,10
,6BBB875DCF4E4771ACB4B0382611E528,6BBB875DCF4E4771ACB4B0382611E528,2017-10-14 14:08:00.000,E8DA8A7D08BF43B99B55465B5C4AC3BE,,,2017-10-14 14:08:00.000,E8DA8A7D08BF43B99B55465B5C4AC3BE,,,,1,A,,0,0,,1,1,6BBB875DCF4E4771ACB4B0382611E528,95475AE006E7415794BDC93808DC04D2,5932FA4E8E0F4471B5C8497E2D29DD05,hard_fixed,,MP0546.SLDPRT,SofTech.Mechanical.SolidWorks,,,1B3C62E271B54A4BA58761AF98648AB4,10
,6F3385449EB94DA3886FA23D5529AF2A,6F3385449EB94DA3886FA23D5529AF2A,2017-10-14 14:08:00.000,E8DA8A7D08BF43B99B55465B5C4AC3BE,,,2017-10-14 14:08:00.000,E8DA8A7D08BF43B99B55465B5C4AC3BE,,,,1,A,,0,0,,1,1,6F3385449EB94DA3886FA23D5529AF2A,95475AE006E7415794BDC93808DC04D2,49BCE3D0ED7B494DBDD5F8B49246FD75,hard_fixed,,MP2375.SLDPRT,SofTech.Mechanical.SolidWorks,,,21BD8D07625F428CA86B58AC02CF5ECA,10
,6F4D12EA5C014F2EB39836ACCCC74D46,6F4D12EA5C014F2EB39836ACCCC74D46,2017-10-14 14:08:00.000,E8DA8A7D08BF43B99B55465B5C4AC3BE,,,2017-10-14 14:08:00.000,E8DA8A7D08BF43B99B55465B5C4AC3BE,,,,1,A,,0,0,,1,1,6F4D12EA5C014F2EB39836ACCCC74D46,95475AE006E7415794BDC93808DC04D2,5B13D8E6502A43D0A19C237100A400A5,hard_fixed,,MP2458.SLDPRT,SofTech.Mechanical.SolidWorks,,,B2B66DBB2CE24F7BAEE4EC29610F96BD,10
,6FBDEF264C164BC1830AB93FFDA81513,6FBDEF264C164BC1830AB93FFDA81513,2017-10-25 20:33:00.000,E8DA8A7D08BF43B99B55465B5C4AC3BE,,,2017-10-25 20:33:00.000,E8DA8A7D08BF43B99B55465B5C4AC3BE,,,,1,A,,0,0,,1,1,6FBDEF264C164BC1830AB93FFDA81513,95475AE006E7415794BDC93808DC04D2,4C40CCBC9E864E9CA7BE8A93423BD362,hard_fixed,,MP2968.SLDDRW,SofTech.Mechanical.SolidWorks,,,B692E632961F4789817158FA5DF3A67A,20
,706BE06574014855BDDDC21F4A3765A4,706BE06574014855BDDDC21F4A3765A4,2017-10-17 12:36:00.000,0F6BD6E53E9749CA9B1A2A648D741A5A,,,2017-10-17 12:36:00.000,0F6BD6E53E9749CA9B1A2A648D741A5A,,,,1,A,,0,0,,1,1,706BE06574014855BDDDC21F4A3765A4,95475AE006E7415794BDC93808DC04D2,92F838B911A249809DAC9633CFCABA0C,hard_fixed,,,,,,910F64BDC5AD4236BCF1B2593DCE131F,10
,716C31ADEAB342E983797AC33447A43F,716C31ADEAB342E983797AC33447A43F,2017-10-14 14:08:00.000,E8DA8A7D08BF43B99B55465B5C4AC3BE,,,2017-10-14 14:08:00.000,E8DA8A7D08BF43B99B55465B5C4AC3BE,,,,1,A,,0,0,,1,1,716C31ADEAB342E983797AC33447A43F,95475AE006E7415794BDC93808DC04D2,09D925EEE1614683BEDF9F2FEF996B23,hard_fixed,,MP2381.SLDPRT,SofTech.Mechanical.SolidWorks,,,4060195DF10A463EAF7F98F12273D80C,10
,719E25B9F1284DAFA43B47C2D12800CC,719E25B9F1284DAFA43B47C2D12800CC,2017-10-14 14:08:00.000,E8DA8A7D08BF43B99B55465B5C4AC3BE,,,2017-10-14 14:08:00.000,E8DA8A7D08BF43B99B55465B5C4AC3BE,,,,1,A,,0,0,,1,1,719E25B9F1284DAFA43B47C2D12800CC,95475AE006E7415794BDC93808DC04D2,60B80ED3B4664550B85D21D590EE88C6,hard_fixed,,MP2962.SLDPRT,SofTech.Mechanical.SolidWorks,,,C4346822361D435F840A5BB82CA4A872,10
,76BEEFE2BE014A8992D1DF6E0847189B,76BEEFE2BE014A8992D1DF6E0847189B,2017-10-25 20:33:00.000,E8DA8A7D08BF43B99B55465B5C4AC3BE,,,2017-10-25 20:33:00.000,E8DA8A7D08BF43B99B55465B5C4AC3BE,,,,1,A,,0,0,,1,1,76BEEFE2BE014A8992D1DF6E0847189B,95475AE006E7415794BDC93808DC04D2,6020DB29814C4D838E60D315A1C95E8C,hard_fixed,,MP2943.SLDDRW,SofTech.Mechanical.SolidWorks,,,18793CEAC40B4DE69386786508DD9662,20
,771451C1414E486FB9C31B0E93347323,771451C1414E486FB9C31B0E93347323,2017-10-14 14:08:00.000,E8DA8A7D08BF43B99B55465B5C4AC3BE,,,2017-10-14 14:08:00.000,E8DA8A7D08BF43B99B55465B5C4AC3BE,,,,1,A,,0,0,,1,1,771451C1414E486FB9C31B0E93347323,95475AE006E7415794BDC93808DC04D2,A142500C32E3426C88EF9ECF3CCDE1F4,hard_fixed,,MP2417.SLDPRT,SofTech.Mechanical.SolidWorks,,,C6C97D9A13D64995A39770E6EDD29122,10
,79A53B5403FE410C9498C87A80DAF7B2,79A53B5403FE410C9498C87A80DAF7B2,2017-10-14 14:08:00.000,E8DA8A7D08BF43B99B55465B5C4AC3BE,,,2017-10-14 14:08:00.000,E8DA8A7D08BF43B99B55465B5C4AC3BE,,,,1,A,,0,0,,1,1,79A53B5403FE410C9498C87A80DAF7B2,95475AE006E7415794BDC93808DC04D2,93439C790F254876A0C28828F4D7647B,hard_fixed,,MP2339.SLDPRT,SofTech.Mechanical.SolidWorks,,,AFC8036ACEA74CE98192A5FE1DB56A9C,10
,7B15B3D95D8B4EB69EB16B87A922065D,7B15B3D95D8B4EB69EB16B87A922065D,2017-10-14 14:08:00.000,E8DA8A7D08BF43B99B55465B5C4AC3BE,,,2017-10-14 14:08:00.000,E8DA8A7D08BF43B99B55465B5C4AC3BE,,,,1,A,,0,0,,1,1,7B15B3D95D8B4EB69EB16B87A922065D,95475AE006E7415794BDC93808DC04D2,406792ADF7924AF78A7070A4DD2FA274,hard_fixed,,MP2670.SLDPRT,SofTech.Mechanical.SolidWorks,,,9AAC88B8482E40189CA265A1AB11C4E4,10
,7C048E3467E6497692D103CD5CD67316,7C048E3467E6497692D103CD5CD67316,2017-10-17 12:36:00.000,0F6BD6E53E9749CA9B1A2A648D741A5A,,,2017-10-17 12:36:00.000,0F6BD6E53E9749CA9B1A2A648D741A5A,,,,1,A,,0,0,,1,1,7C048E3467E6497692D103CD5CD67316,95475AE006E7415794BDC93808DC04D2,01B2F67D451D491D84FD5209F44A8F35,hard_fixed,,,,,,28ADA1490E144D78AFC0522CB3F55982,10
,7E469135EDC54524A3ED308C214A081E,7E469135EDC54524A3ED308C214A081E,2017-10-17 12:36:00.000,0F6BD6E53E9749CA9B1A2A648D741A5A,,,2017-10-17 12:36:00.000,0F6BD6E53E9749CA9B1A2A648D741A5A,,,,1,A,,0,0,,1,1,7E469135EDC54524A3ED308C214A081E,95475AE006E7415794BDC93808DC04D2,DFB575A241DC456F8D4FEE188DF5BE3E,hard_fixed,,,,,,6DA925B76AD5454C8D3AFDE5264B64A4,10
,809421694A084E9DAB2A3814DD866D63,809421694A084E9DAB2A3814DD866D63,2017-10-14 14:08:00.000,E8DA8A7D08BF43B99B55465B5C4AC3BE,,,2017-10-14 14:08:00.000,E8DA8A7D08BF43B99B55465B5C4AC3BE,,,,1,A,,0,0,,1,1,809421694A084E9DAB2A3814DD866D63,95475AE006E7415794BDC93808DC04D2,32CAB391549C40BD90461997B0E75FA2,hard_fixed,,MP2966.SLDPRT,SofTech.Mechanical.SolidWorks,,,A2F0EAB8CC4944C5ADE42B06C000DFC7,10
,80DE8BD14D6542E28DE2B9BA8DFF0852,80DE8BD14D6542E28DE2B9BA8DFF0852,2017-10-14 14:08:00.000,E8DA8A7D08BF43B99B55465B5C4AC3BE,,,2017-10-14 14:08:00.000,E8DA8A7D08BF43B99B55465B5C4AC3BE,,,,1,A,,0,0,,1,1,80DE8BD14D6542E28DE2B9BA8DFF0852,95475AE006E7415794BDC93808DC04D2,4331B846DAD84C098B0B6842F91DD531,hard_fixed,,MP1913.SLDPRT,SofTech.Mechanical.SolidWorks,,,8497A4DAAD97418F91E3F42C260A4DA0,10
,836E1F4FDE5B40E4B345967C6A8C10FE,836E1F4FDE5B40E4B345967C6A8C10FE,2017-10-14 14:08:00.000,E8DA8A7D08BF43B99B55465B5C4AC3BE,,,2017-10-14 14:08:00.000,E8DA8A7D08BF43B99B55465B5C4AC3BE,,,,1,A,,0,0,,1,1,836E1F4FDE5B40E4B345967C6A8C10FE,5C07EB829D4241F6BB884952960FAF58,1528F70C8EEA4FB0B682D1C10B642FF9,hard_fixed,,MP2934.SLDPRT,SofTech.Mechanical.SolidWorks,,,1A094B854AAD4708B29F440D500AA8B1,10
,83F111D00F194366A0F58E666965670C,83F111D00F194366A0F58E666965670C,2017-10-14 14:08:00.000,E8DA8A7D08BF43B99B55465B5C4AC3BE,,,2017-10-14 14:08:00.000,E8DA8A7D08BF43B99B55465B5C4AC3BE,,,,1,A,,0,0,,1,1,83F111D00F194366A0F58E666965670C,95475AE006E7415794BDC93808DC04D2,53FC97F610FF4C28934334957D2F69AE,hard_fixed,,MP2959.SLDPRT,SofTech.Mechanical.SolidWorks,,,4D498A7CA65B412491DB656C22D9D2C5,10
,84E18A853D5B49E19592535B0861DCF3,84E18A853D5B49E19592535B0861DCF3,2017-10-14 14:08:00.000,E8DA8A7D08BF43B99B55465B5C4AC3BE,,,2017-10-14 14:08:00.000,E8DA8A7D08BF43B99B55465B5C4AC3BE,,,,1,A,,0,0,,1,1,84E18A853D5B49E19592535B0861DCF3,95475AE006E7415794BDC93808DC04D2,EE1F23A7DD2A429EAC6ED5E231FC433A,hard_fixed,,MP2415.SLDPRT,SofTech.Mechanical.SolidWorks,,,7758A8124AA046699AFE5300AC1D3D26,10
,85614EF66B4B4C7E8B89A488EF609B61,85614EF66B4B4C7E8B89A488EF609B61,2017-10-17 12:36:00.000,0F6BD6E53E9749CA9B1A2A648D741A5A,,,2017-10-17 12:36:00.000,0F6BD6E53E9749CA9B1A2A648D741A5A,,,,1,A,,0,0,,1,1,85614EF66B4B4C7E8B89A488EF609B61,95475AE006E7415794BDC93808DC04D2,83890B1872744031BBB8EC2DBC37D5C6,hard_fixed,,,,,,890C31303864476C87C5C92842A5CCE5,10
,8643B7A3CA4549869D5678626F8A7FC7,8643B7A3CA4549869D5678626F8A7FC7,2017-10-14 14:08:00.000,E8DA8A7D08BF43B99B55465B5C4AC3BE,,,2017-10-14 14:08:00.000,E8DA8A7D08BF43B99B55465B5C4AC3BE,,,,1,A,,0,0,,1,1,8643B7A3CA4549869D5678626F8A7FC7,95475AE006E7415794BDC93808DC04D2,7B2E1053EAF4424289FE4E6BA612A525,hard_fixed,,MP2963.SLDASM,SofTech.Mechanical.SolidWorks,,,A4E43D7216914B48AEDF3D365CEF1291,10
,8746E7F1198843F3BB8BB757D307D74E,8746E7F1198843F3BB8BB757D307D74E,2017-10-14 14:08:00.000,E8DA8A7D08BF43B99B55465B5C4AC3BE,,,2017-10-14 14:08:00.000,E8DA8A7D08BF43B99B55465B5C4AC3BE,,,,1,A,,0,0,,1,1,8746E7F1198843F3BB8BB757D307D74E,95475AE006E7415794BDC93808DC04D2,7D10C7CAB2AF4F349A92FBD846EE3B28,hard_fixed,,MP2604.SLDPRT,SofTech.Mechanical.SolidWorks,,,C9C0618F496047E99E359179C7AD2B3F,10
,88B96B6F4273488594288023601ABBDC,88B96B6F4273488594288023601ABBDC,2017-11-28 23:45:00.000,E8DA8A7D08BF43B99B55465B5C4AC3BE,,,2017-11-28 23:45:00.000,E8DA8A7D08BF43B99B55465B5C4AC3BE,,,,1,A,,0,0,,1,1,88B96B6F4273488594288023601ABBDC,95475AE006E7415794BDC93808DC04D2,2F13F8E06AB141DC99F9312B31E307BE,hard_fixed,,MP2949.SLDPRT,SofTech.Mechanical.SolidWorks,,,BA797CC16D524B81BCBFE5878D78B64E,10
,8C1B2E738DF7485B9D379D2CBC7885C2,8C1B2E738DF7485B9D379D2CBC7885C2,2017-10-14 14:08:00.000,E8DA8A7D08BF43B99B55465B5C4AC3BE,,,2017-10-14 14:08:00.000,E8DA8A7D08BF43B99B55465B5C4AC3BE,,,,1,A,,0,0,,1,1,8C1B2E738DF7485B9D379D2CBC7885C2,95475AE006E7415794BDC93808DC04D2,7E82C4D8C31A40F7B87092F8779E9BF1,hard_fixed,,MP1913.SLDPRT,SofTech.Mechanical.SolidWorks,,,8497A4DAAD97418F91E3F42C260A4DA0,10
,8C31A74463D8454F82CCB98244F29FEF,8C31A74463D8454F82CCB98244F29FEF,2021-03-15 21:02:57.353,AD30A6D8D3B642F5A2AFED1A4B02BEFA,,,2021-03-15 21:09:37.083,AD30A6D8D3B642F5A2AFED1A4B02BEFA,,,,1,A,,0,0,,1,1,8C31A74463D8454F82CCB98244F29FEF,5C07EB829D4241F6BB884952960FAF58,5F750EA8888A402B831E8EEE6339812E,hard_fixed,,MP2952.SLDASM,SofTech.Mechanical.SolidWorks,,,8CDB81B3529F424BAC42256BBB3301DF,10
,8CF2100BE32A45A1BCB7AF518C8CEC68,8CF2100BE32A45A1BCB7AF518C8CEC68,2017-10-14 14:08:00.000,E8DA8A7D08BF43B99B55465B5C4AC3BE,,,2017-10-14 14:08:00.000,E8DA8A7D08BF43B99B55465B5C4AC3BE,,,,1,A,,0,0,,1,1,8CF2100BE32A45A1BCB7AF518C8CEC68,95475AE006E7415794BDC93808DC04D2,AE2B508EBB3A4077A63A3A10140157FF,hard_fixed,,MP1994.SLDPRT,SofTech.Mechanical.SolidWorks,,,1C0D2783B8D34DD594105A6B211D4905,10
,8E3F75A7464646988FB1D6992DA23532,8E3F75A7464646988FB1D6992DA23532,2017-10-14 14:08:00.000,E8DA8A7D08BF43B99B55465B5C4AC3BE,,,2017-10-14 14:08:00.000,E8DA8A7D08BF43B99B55465B5C4AC3BE,,,,1,A,,0,0,,1,1,8E3F75A7464646988FB1D6992DA23532,95475AE006E7415794BDC93808DC04D2,4C40CCBC9E864E9CA7BE8A93423BD362,hard_fixed,,MP2968.SLDASM,SofTech.Mechanical.SolidWorks,,,2283EECED44D4B45A8BEC0D1FE6D794E,10
,8F8B4C89197F407AA585F8E359A5DC2F,8F8B4C89197F407AA585F8E359A5DC2F,2017-10-17 12:36:00.000,0F6BD6E53E9749CA9B1A2A648D741A5A,,,2017-10-17 12:36:00.000,0F6BD6E53E9749CA9B1A2A648D741A5A,,,,1,A,,0,0,,1,1,8F8B4C89197F407AA585F8E359A5DC2F,95475AE006E7415794BDC93808DC04D2,EE7B37C50A5F48A584E185F9F07E6968,hard_fixed,,,,,,B004D212839B4F1887C62023D007520D,10
,90EBF14014DA4C94A80ED3E4BA15EC90,90EBF14014DA4C94A80ED3E4BA15EC90,2017-10-14 14:08:00.000,E8DA8A7D08BF43B99B55465B5C4AC3BE,,,2017-10-14 14:08:00.000,E8DA8A7D08BF43B99B55465B5C4AC3BE,,,,1,A,,0,0,,1,1,90EBF14014DA4C94A80ED3E4BA15EC90,5C07EB829D4241F6BB884952960FAF58,51BD1B22927F47DFB2760C1C1CE1675F,hard_fixed,,MP2505.SLDPRT,SofTech.Mechanical.SolidWorks,,,A725C74A11134A02BD4657CD7F5F6CFF,10
,92717BF538FB48E786D86126BB7C308B,92717BF538FB48E786D86126BB7C308B,2017-10-14 14:08:00.000,E8DA8A7D08BF43B99B55465B5C4AC3BE,,,2017-10-14 14:08:00.000,E8DA8A7D08BF43B99B55465B5C4AC3BE,,,,1,A,,0,0,,1,1,92717BF538FB48E786D86126BB7C308B,95475AE006E7415794BDC93808DC04D2,6BF132C3031B452C9CB8D16AACEEB6FF,hard_fixed,,MP2193.SLDPRT,SofTech.Mechanical.SolidWorks,,,7C2BAF27DEDD42B88DBB86C64C994C11,10
,94601DE36213419FAB8B044C2EB27BCC,94601DE36213419FAB8B044C2EB27BCC,2017-10-25 20:33:00.000,E8DA8A7D08BF43B99B55465B5C4AC3BE,,,2017-10-25 20:33:00.000,E8DA8A7D08BF43B99B55465B5C4AC3BE,,,,1,A,,0,0,,1,1,94601DE36213419FAB8B044C2EB27BCC,95475AE006E7415794BDC93808DC04D2,526C66B626B64BCB869ACBB083A900A3,hard_fixed,,MP2956.SLDDRW,SofTech.Mechanical.SolidWorks,,,92EDB1760A0D4DF08E95FD542D23AB55,20
,95851DFD830941DE8B7E75B4276C1567,95851DFD830941DE8B7E75B4276C1567,2017-10-14 14:08:00.000,E8DA8A7D08BF43B99B55465B5C4AC3BE,,,2017-10-14 14:08:00.000,E8DA8A7D08BF43B99B55465B5C4AC3BE,,,,1,A,,0,0,,1,1,95851DFD830941DE8B7E75B4276C1567,95475AE006E7415794BDC93808DC04D2,6494C1D1DCCA426A961368F53DDCA553,hard_fixed,,MP0429.SLDPRT,SofTech.Mechanical.SolidWorks,,,D351A55A62694A9B9D121BA603907E66,10
,95D14E2DA5AA4B11BB056BF9A8BFBDBF,95D14E2DA5AA4B11BB056BF9A8BFBDBF,2017-11-28 23:45:00.000,E8DA8A7D08BF43B99B55465B5C4AC3BE,,,2017-11-28 23:45:00.000,E8DA8A7D08BF43B99B55465B5C4AC3BE,,,,1,A,,0,0,,1,1,95D14E2DA5AA4B11BB056BF9A8BFBDBF,95475AE006E7415794BDC93808DC04D2,DF0DA7125834435E9EA4D4FB72CD3BC4,hard_fixed,,MP2947.SLDPRT,SofTech.Mechanical.SolidWorks,,,08CB22D8E4C74837B2F8EBEABBF7B03C,10
,969D1BEEA09D4A04A658B460DC310162,969D1BEEA09D4A04A658B460DC310162,2017-10-14 14:08:00.000,E8DA8A7D08BF43B99B55465B5C4AC3BE,,,2017-10-14 14:08:00.000,E8DA8A7D08BF43B99B55465B5C4AC3BE,,,,1,A,,0,0,,1,1,969D1BEEA09D4A04A658B460DC310162,95475AE006E7415794BDC93808DC04D2,3AEFB5C97E964E0C8915370092022410,hard_fixed,,MP2938.SLDASM,SofTech.Mechanical.SolidWorks,,,882EA225EB5F48C3938BCA3CB540FA07,10
,973414D220634261953ED5B57BA590CC,973414D220634261953ED5B57BA590CC,2017-10-14 14:08:00.000,E8DA8A7D08BF43B99B55465B5C4AC3BE,,,2017-10-14 14:08:00.000,E8DA8A7D08BF43B99B55465B5C4AC3BE,,,,1,A,,0,0,,1,1,973414D220634261953ED5B57BA590CC,95475AE006E7415794BDC93808DC04D2,E763CACCEF1C4C45B206DEE84DAB80B8,hard_fixed,,MP2953.SLDASM,SofTech.Mechanical.SolidWorks,,,D70294E3FE644665B9E94975AAB61718,10
,98D3F231902E498CAD9CC5834ED0E7A1,98D3F231902E498CAD9CC5834ED0E7A1,2017-10-14 14:08:00.000,E8DA8A7D08BF43B99B55465B5C4AC3BE,,,2017-10-14 14:08:00.000,E8DA8A7D08BF43B99B55465B5C4AC3BE,,,,1,A,,0,0,,1,1,98D3F231902E498CAD9CC5834ED0E7A1,95475AE006E7415794BDC93808DC04D2,754B4C062A7241A2B512BB0B96276F8E,hard_fixed,,MP0190.SLDPRT,SofTech.Mechanical.SolidWorks,,,55350A40B5704B4280A600B8BDDD7FFE,10
,9D9DA2F969204F379F771E2AC0AAD746,9D9DA2F969204F379F771E2AC0AAD746,2017-10-14 14:08:00.000,E8DA8A7D08BF43B99B55465B5C4AC3BE,,,2017-10-14 14:08:00.000,E8DA8A7D08BF43B99B55465B5C4AC3BE,,,,1,A,,0,0,,1,1,9D9DA2F969204F379F771E2AC0AAD746,95475AE006E7415794BDC93808DC04D2,83890B1872744031BBB8EC2DBC37D5C6,hard_fixed,,,SofTech.Mechanical.SolidWorks,,,BBB95ACF769D48499D9E75DCE23B158B,10
,9E06368BE03D40DAB0485D73B0DFCA7B,9E06368BE03D40DAB0485D73B0DFCA7B,2017-10-14 14:08:00.000,E8DA8A7D08BF43B99B55465B5C4AC3BE,,,2017-10-14 14:08:00.000,E8DA8A7D08BF43B99B55465B5C4AC3BE,,,,1,A,,0,0,,1,1,9E06368BE03D40DAB0485D73B0DFCA7B,95475AE006E7415794BDC93808DC04D2,5CC0ED4630B044ACBF578AC35E4B640B,hard_fixed,,MP2941.SLDASM,SofTech.Mechanical.SolidWorks,,,C560DB0CE8484790AD9B975258E6EA14,10
,9E836E19932449B18805C392DC155BCA,9E836E19932449B18805C392DC155BCA,2017-10-14 14:08:00.000,E8DA8A7D08BF43B99B55465B5C4AC3BE,,,2017-10-14 14:08:00.000,E8DA8A7D08BF43B99B55465B5C4AC3BE,,,,1,A,,0,0,,1,1,9E836E19932449B18805C392DC155BCA,95475AE006E7415794BDC93808DC04D2,052B70BA995D47CF834EF103CCE0D85E,hard_fixed,,MP2967.SLDASM,SofTech.Mechanical.SolidWorks,,,AF090714B01C410B9836F9CF6AAE2662,10
,9F75A27E09D64649B5B96CD4FC32EAD2,9F75A27E09D64649B5B96CD4FC32EAD2,2017-10-14 14:08:00.000,E8DA8A7D08BF43B99B55465B5C4AC3BE,,,2017-10-14 14:08:00.000,E8DA8A7D08BF43B99B55465B5C4AC3BE,,,,1,A,,0,0,,1,1,9F75A27E09D64649B5B96CD4FC32EAD2,95475AE006E7415794BDC93808DC04D2,99BC12E7341C440DBE5F5F038ACF9007,hard_fixed,,MP2680.SLDPRT,SofTech.Mechanical.SolidWorks,,,B41D25387C7B4FD691E7D19B6F387C6B,10
,9FFE989ED0234080B6DFB9F6B4639A77,9FFE989ED0234080B6DFB9F6B4639A77,2017-10-14 14:08:00.000,E8DA8A7D08BF43B99B55465B5C4AC3BE,,,2017-10-14 14:08:00.000,E8DA8A7D08BF43B99B55465B5C4AC3BE,,,,1,A,,0,0,,1,1,9FFE989ED0234080B6DFB9F6B4639A77,95475AE006E7415794BDC93808DC04D2,9EF3CD4874C6451E8166FFF2605BFB71,hard_fixed,,MP2939.SLDASM,SofTech.Mechanical.SolidWorks,,,7F733FBC8E9B407EAAA33CC977F82451,10
,A003314631064E6E89D0F17CD3C7CBB0,A003314631064E6E89D0F17CD3C7CBB0,2017-10-14 14:08:00.000,E8DA8A7D08BF43B99B55465B5C4AC3BE,,,2017-10-14 14:08:00.000,E8DA8A7D08BF43B99B55465B5C4AC3BE,,,,1,A,,0,0,,1,1,A003314631064E6E89D0F17CD3C7CBB0,95475AE006E7415794BDC93808DC04D2,2D967C7D1DC94B879770A5331D45E256,hard_fixed,,MP2964.SLDPRT,SofTech.Mechanical.SolidWorks,,,B84A9F2C1B8E48C397692432190BFAFE,10
,A2060019943340178227BFEE7632E4B9,A2060019943340178227BFEE7632E4B9,2017-10-14 14:08:00.000,E8DA8A7D08BF43B99B55465B5C4AC3BE,,,2017-10-14 14:08:00.000,E8DA8A7D08BF43B99B55465B5C4AC3BE,,,,1,A,,0,0,,1,1,A2060019943340178227BFEE7632E4B9,95475AE006E7415794BDC93808DC04D2,98DED6CDC1924D738BDBE9EA3B7D56F6,hard_fixed,,MP2660.SLDPRT,SofTech.Mechanical.SolidWorks,,,A9114AECE77C4C4480D3E6EA13A6A573,10
,A29D60138A7D4CB68EF1F1A7E85BF9F6,A29D60138A7D4CB68EF1F1A7E85BF9F6,2017-10-25 20:33:00.000,E8DA8A7D08BF43B99B55465B5C4AC3BE,,,2017-10-25 20:33:00.000,E8DA8A7D08BF43B99B55465B5C4AC3BE,,,,1,A,,0,0,,1,1,A29D60138A7D4CB68EF1F1A7E85BF9F6,95475AE006E7415794BDC93808DC04D2,BC5AF2203F90411999247B1C99379588,hard_fixed,,MP2942.SLDDRW,SofTech.Mechanical.SolidWorks,,,3913852725704B14AD611E7B7BEE4245,20
,A39D3CA437C94796BE0535E5D775A0D4,A39D3CA437C94796BE0535E5D775A0D4,2017-10-14 14:08:00.000,E8DA8A7D08BF43B99B55465B5C4AC3BE,,,2017-10-14 14:08:00.000,E8DA8A7D08BF43B99B55465B5C4AC3BE,,,,1,A,,0,0,,1,1,A39D3CA437C94796BE0535E5D775A0D4,95475AE006E7415794BDC93808DC04D2,526C66B626B64BCB869ACBB083A900A3,hard_fixed,,MP2956.SLDASM,SofTech.Mechanical.SolidWorks,,,D417BB9307964763A674884CADE47430,10
,A4D2CB2C61F74B5BB24B8941EF734D63,A4D2CB2C61F74B5BB24B8941EF734D63,2017-10-14 14:08:00.000,E8DA8A7D08BF43B99B55465B5C4AC3BE,,,2017-10-14 14:08:00.000,E8DA8A7D08BF43B99B55465B5C4AC3BE,,,,1,A,,0,0,,1,1,A4D2CB2C61F74B5BB24B8941EF734D63,95475AE006E7415794BDC93808DC04D2,D76AEE4A292E470392583F4A3E2A5A69,hard_fixed,,MP0370.SLDPRT,SofTech.Mechanical.SolidWorks,,,6903E39AE4974C2E8D463D7431E4F42A,10
,A6B120E2B4E84392A9A42048BC11F7B5,A6B120E2B4E84392A9A42048BC11F7B5,2017-10-14 14:08:00.000,E8DA8A7D08BF43B99B55465B5C4AC3BE,,,2017-10-14 14:08:00.000,E8DA8A7D08BF43B99B55465B5C4AC3BE,,,,1,A,,0,0,,1,1,A6B120E2B4E84392A9A42048BC11F7B5,95475AE006E7415794BDC93808DC04D2,8DD5C62F7ECF42A7BD9447A09210F7A8,hard_fixed,,MP2488.SLDPRT,SofTech.Mechanical.SolidWorks,,,6BDEFB734C2D440AA06439FD8E6FF664,10
,A9735879B3354C6F9B86B50626953A13,A9735879B3354C6F9B86B50626953A13,2017-10-17 12:36:00.000,0F6BD6E53E9749CA9B1A2A648D741A5A,,,2017-10-17 12:36:00.000,0F6BD6E53E9749CA9B1A2A648D741A5A,,,,1,A,,0,0,,1,1,A9735879B3354C6F9B86B50626953A13,95475AE006E7415794BDC93808DC04D2,25E3941DBCF5460EB8044C0E4A6B55CF,hard_fixed,,,,,,B004D212839B4F1887C62023D007520D,10
,AAE0DB2E42634C989D3E8FDED3AFE5BC,AAE0DB2E42634C989D3E8FDED3AFE5BC,2017-10-17 12:36:00.000,0F6BD6E53E9749CA9B1A2A648D741A5A,,,2017-10-17 12:36:00.000,0F6BD6E53E9749CA9B1A2A648D741A5A,,,,1,A,,0,0,,1,1,AAE0DB2E42634C989D3E8FDED3AFE5BC,95475AE006E7415794BDC93808DC04D2,83890B1872744031BBB8EC2DBC37D5C6,hard_fixed,,,,,,124EA75032174EA69623315B9C051DF3,10
,AC364C27F12049ABB062A0D58E950506,AC364C27F12049ABB062A0D58E950506,2017-10-17 12:36:00.000,0F6BD6E53E9749CA9B1A2A648D741A5A,,,2017-10-17 12:36:00.000,0F6BD6E53E9749CA9B1A2A648D741A5A,,,,1,A,,0,0,,1,1,AC364C27F12049ABB062A0D58E950506,95475AE006E7415794BDC93808DC04D2,7ED875D438FA400495A5968647376A2D,hard_fixed,,,,,,66F9AE446F5E49E3A92CB15029837F09,10
,B2D33825DF834D3F9FE948CB35F0841C,B2D33825DF834D3F9FE948CB35F0841C,2017-10-14 14:08:00.000,E8DA8A7D08BF43B99B55465B5C4AC3BE,,,2017-10-14 14:08:00.000,E8DA8A7D08BF43B99B55465B5C4AC3BE,,,,1,A,,0,0,,1,1,B2D33825DF834D3F9FE948CB35F0841C,95475AE006E7415794BDC93808DC04D2,2DB5633B721C41489959D08A0BE326FA,hard_fixed,,MP2669.SLDPRT,SofTech.Mechanical.SolidWorks,,,5181D7C9C19B41E8AA016565F1446C2E,10
,B4D8E7A5D43444478ECFA86CE2380635,B4D8E7A5D43444478ECFA86CE2380635,2017-10-14 14:08:00.000,E8DA8A7D08BF43B99B55465B5C4AC3BE,,,2017-10-14 14:08:00.000,E8DA8A7D08BF43B99B55465B5C4AC3BE,,,,1,A,,0,0,,1,1,B4D8E7A5D43444478ECFA86CE2380635,95475AE006E7415794BDC93808DC04D2,5CB59A4D2330437B80B982518B2B9901,hard_fixed,,MP2691.SLDPRT,SofTech.Mechanical.SolidWorks,,,151ED6B879E64164A493E98DCEA8DC0F,10
,B5E86DDACFE94B3F903749E606700A44,B5E86DDACFE94B3F903749E606700A44,2021-03-15 21:02:57.650,AD30A6D8D3B642F5A2AFED1A4B02BEFA,,,2021-03-15 21:02:57.660,AD30A6D8D3B642F5A2AFED1A4B02BEFA,,,,1,A,,0,0,,1,1,B5E86DDACFE94B3F903749E606700A44,5C07EB829D4241F6BB884952960FAF58,793E1C139E074B8395173423026084C8,hard_fixed,,,,,,A0CAEE5F9A4844779DFF4F902292E4A6,10
,B74AE13680A84743BB29C76CA45996A9,B74AE13680A84743BB29C76CA45996A9,2017-10-14 14:08:00.000,E8DA8A7D08BF43B99B55465B5C4AC3BE,,,2017-10-14 14:08:00.000,E8DA8A7D08BF43B99B55465B5C4AC3BE,,,,1,A,,0,0,,1,1,B74AE13680A84743BB29C76CA45996A9,95475AE006E7415794BDC93808DC04D2,DAFB0854CF234025AF380D23CB603E42,hard_fixed,,MP2728.SLDPRT,SofTech.Mechanical.SolidWorks,,,9CABF3FEDE1C42598F6498A9D6DD6E82,10
,B82E928A8E784C6BAB0E54EDBBA82EAA,B82E928A8E784C6BAB0E54EDBBA82EAA,2017-10-14 14:08:00.000,E8DA8A7D08BF43B99B55465B5C4AC3BE,,,2017-10-14 14:08:00.000,E8DA8A7D08BF43B99B55465B5C4AC3BE,,,,1,A,,0,0,,1,1,B82E928A8E784C6BAB0E54EDBBA82EAA,95475AE006E7415794BDC93808DC04D2,EAE86DDE8FF4475CAB9AF229558B7EF4,hard_fixed,,MP2403.SLDPRT,SofTech.Mechanical.SolidWorks,,,529313AB0FD34CBFBA1D34101A6784DB,10
,BC32B5AFD0084C4AA93F2D4F452A23B0,BC32B5AFD0084C4AA93F2D4F452A23B0,2017-10-14 14:08:00.000,E8DA8A7D08BF43B99B55465B5C4AC3BE,,,2017-10-14 14:08:00.000,E8DA8A7D08BF43B99B55465B5C4AC3BE,,,,1,A,,0,0,,1,1,BC32B5AFD0084C4AA93F2D4F452A23B0,95475AE006E7415794BDC93808DC04D2,B037E694D6F54471873E854DB94C278D,hard_fixed,,MP2662.SLDPRT,SofTech.Mechanical.SolidWorks,,,382A373D651349FF9679D40F828FC486,10
,BDD197A022584D9F90EA86010A511AD7,BDD197A022584D9F90EA86010A511AD7,2017-10-14 14:08:00.000,E8DA8A7D08BF43B99B55465B5C4AC3BE,,,2017-10-14 14:08:00.000,E8DA8A7D08BF43B99B55465B5C4AC3BE,,,,1,A,,0,0,,1,1,BDD197A022584D9F90EA86010A511AD7,95475AE006E7415794BDC93808DC04D2,B9F8E908144948E48A1747AD88716D02,hard_fixed,,MP0101.SLDASM,SofTech.Mechanical.SolidWorks,,,8DAC78F79B3149678DDBBC7925CA766D,20
,BE2E2BC7E53E4B1A8D80BC285A9D166B,BE2E2BC7E53E4B1A8D80BC285A9D166B,2017-10-14 14:08:00.000,E8DA8A7D08BF43B99B55465B5C4AC3BE,,,2017-10-14 14:08:00.000,E8DA8A7D08BF43B99B55465B5C4AC3BE,,,,1,A,,0,0,,1,1,BE2E2BC7E53E4B1A8D80BC285A9D166B,95475AE006E7415794BDC93808DC04D2,BB375BA8D1F047B5BD7822FE08679A31,hard_fixed,,MP2828.SLDPRT,SofTech.Mechanical.SolidWorks,,,971C759B173746A592AA3AC5EE00B8D9,10
,BE876D2A81244453BA5D2C6BBA5147D7,BE876D2A81244453BA5D2C6BBA5147D7,2017-10-14 14:08:00.000,E8DA8A7D08BF43B99B55465B5C4AC3BE,,,2017-10-14 14:08:00.000,E8DA8A7D08BF43B99B55465B5C4AC3BE,,,,1,A,,0,0,,1,1,BE876D2A81244453BA5D2C6BBA5147D7,95475AE006E7415794BDC93808DC04D2,E81E0C71B08C46969C9BB63D61260297,hard_fixed,,MP0370.SLDPRT,SofTech.Mechanical.SolidWorks,,,6903E39AE4974C2E8D463D7431E4F42A,10
,C1678BE0839644389A1CBC3F047EDC23,C1678BE0839644389A1CBC3F047EDC23,2017-10-14 14:08:00.000,E8DA8A7D08BF43B99B55465B5C4AC3BE,,,2017-10-14 14:08:00.000,E8DA8A7D08BF43B99B55465B5C4AC3BE,,,,1,A,,0,0,,1,1,C1678BE0839644389A1CBC3F047EDC23,95475AE006E7415794BDC93808DC04D2,029A82307CA5499B8E7BFAA0B1E16982,hard_fixed,,MP2199.SLDPRT,SofTech.Mechanical.SolidWorks,,,6064A4AF6B9A4A9185B20A072AC5626B,10
,C225A439015D43C4835CBFB758DCB32D,C225A439015D43C4835CBFB758DCB32D,2017-10-14 14:08:00.000,E8DA8A7D08BF43B99B55465B5C4AC3BE,,,2017-10-14 14:08:00.000,E8DA8A7D08BF43B99B55465B5C4AC3BE,,,,1,A,,0,0,,1,1,C225A439015D43C4835CBFB758DCB32D,5C07EB829D4241F6BB884952960FAF58,1E46FC1E194E4124873FF9B30101D762,hard_fixed,,MP1913.SLDPRT,SofTech.Mechanical.SolidWorks,,,8497A4DAAD97418F91E3F42C260A4DA0,10
,C3141712D96840D8A12895B8A68640B4,C3141712D96840D8A12895B8A68640B4,2021-03-15 21:03:08.777,AD30A6D8D3B642F5A2AFED1A4B02BEFA,,,2021-03-15 21:09:37.033,AD30A6D8D3B642F5A2AFED1A4B02BEFA,,,,1,A,,0,0,,1,1,C3141712D96840D8A12895B8A68640B4,5C07EB829D4241F6BB884952960FAF58,25B24562BD344C45A49CB6A0A6CD6DFC,hard_fixed,,MP2954.SLDDRW,SofTech.Mechanical.SolidWorks,,,39A5C87DF01849089D8ABF55999DDF89,20
,C670F17382DD45668783D929211FCE34,C670F17382DD45668783D929211FCE34,2017-11-11 22:03:00.000,18DF23B3851D4C9FA1B96E9CF1F585A8,,,2017-11-11 22:03:00.000,18DF23B3851D4C9FA1B96E9CF1F585A8,,,,1,A,,0,0,,1,1,C670F17382DD45668783D929211FCE34,5C07EB829D4241F6BB884952960FAF58,0AA62AED57B44C638A83F30D6F4AD77F,hard_fixed,,MP0102.SLDASM,SofTech.Mechanical.SolidWorks,,,4D8D194FAB89467FA78B5511B5EB98D4,10
,C820FABABA7241568718BC371168359F,C820FABABA7241568718BC371168359F,2017-11-28 23:45:00.000,E8DA8A7D08BF43B99B55465B5C4AC3BE,,,2017-11-28 23:45:00.000,E8DA8A7D08BF43B99B55465B5C4AC3BE,,,,1,A,,0,0,,1,1,C820FABABA7241568718BC371168359F,95475AE006E7415794BDC93808DC04D2,E19A6AADAC184E7EAFE52D563C561E0B,hard_fixed,,,,,,6C8CABCC787C400D8C9BAC714374ECBF,10
,C9C71638CEAC4AE7B4366DC22270F0F8,C9C71638CEAC4AE7B4366DC22270F0F8,2017-10-14 14:08:00.000,E8DA8A7D08BF43B99B55465B5C4AC3BE,,,2017-10-14 14:08:00.000,E8DA8A7D08BF43B99B55465B5C4AC3BE,,,,1,A,,0,0,,1,1,C9C71638CEAC4AE7B4366DC22270F0F8,95475AE006E7415794BDC93808DC04D2,3620D4920F0E4293B571FA64E256C558,hard_fixed,,MP1914.SLDPRT,SofTech.Mechanical.SolidWorks,,,3736BE5F60DB47F5BBA2F60B668D837F,10
,CAE91DF3B39047DD94DF8A98476C743D,CAE91DF3B39047DD94DF8A98476C743D,2017-10-14 14:08:00.000,E8DA8A7D08BF43B99B55465B5C4AC3BE,,,2017-10-14 14:08:00.000,E8DA8A7D08BF43B99B55465B5C4AC3BE,,,,1,A,,0,0,,1,1,CAE91DF3B39047DD94DF8A98476C743D,95475AE006E7415794BDC93808DC04D2,1BE702134FE64333B4DD1F33DF464BB2,hard_fixed,,MP2584.SLDPRT,SofTech.Mechanical.SolidWorks,,,787EC5AAC91C4359B8C09DAE6D8AAB54,10
,CEAA475AC2514225A6ACE4FC0913B3DA,CEAA475AC2514225A6ACE4FC0913B3DA,2017-10-14 14:08:00.000,E8DA8A7D08BF43B99B55465B5C4AC3BE,,,2017-10-14 14:08:00.000,E8DA8A7D08BF43B99B55465B5C4AC3BE,,,,1,A,,0,0,,1,1,CEAA475AC2514225A6ACE4FC0913B3DA,95475AE006E7415794BDC93808DC04D2,76888E2639AD4B998AD492DBB1107753,hard_fixed,,MP2666.SLDPRT,SofTech.Mechanical.SolidWorks,,,1A27F11E0DD847D78E1B01564D8359D3,10
,D00C9D162E294C88BFC50A319050E486,D00C9D162E294C88BFC50A319050E486,2017-10-14 14:08:00.000,E8DA8A7D08BF43B99B55465B5C4AC3BE,,,2017-10-14 14:08:00.000,E8DA8A7D08BF43B99B55465B5C4AC3BE,,,,1,A,,0,0,,1,1,D00C9D162E294C88BFC50A319050E486,95475AE006E7415794BDC93808DC04D2,9984D6FD199046A59C5B1D62D0569B55,hard_fixed,,MP1947.SLDPRT,SofTech.Mechanical.SolidWorks,,,073D8155B94C43B589691E5A429BC870,10
,D2356549C14344A1A9D9AE613733ED55,D2356549C14344A1A9D9AE613733ED55,2017-10-14 14:08:00.000,E8DA8A7D08BF43B99B55465B5C4AC3BE,,,2017-10-14 14:08:00.000,E8DA8A7D08BF43B99B55465B5C4AC3BE,,,,1,A,,0,0,,1,1,D2356549C14344A1A9D9AE613733ED55,95475AE006E7415794BDC93808DC04D2,1213E2030EBD4FE58316993FD42D74A7,hard_fixed,,MP2944.SLDASM,SofTech.Mechanical.SolidWorks,,,7B35FBA834A0466488D6E36750EB2CFF,10
,D296C74489D44BAB8280A1F32ACDA491,D296C74489D44BAB8280A1F32ACDA491,2017-10-14 14:08:00.000,E8DA8A7D08BF43B99B55465B5C4AC3BE,,,2017-10-14 14:08:00.000,E8DA8A7D08BF43B99B55465B5C4AC3BE,,,,1,A,,0,0,,1,1,D296C74489D44BAB8280A1F32ACDA491,95475AE006E7415794BDC93808DC04D2,39CB2792B428432490200368B87DE9CA,hard_fixed,,MP2954.SLDASM,SofTech.Mechanical.SolidWorks,,,967221D9E5A14A75BE58481D32FA3D36,10
,D34AA89287A94D6F8C017BA3C374275E,D34AA89287A94D6F8C017BA3C374275E,2017-10-14 14:08:00.000,E8DA8A7D08BF43B99B55465B5C4AC3BE,,,2017-10-14 14:08:00.000,E8DA8A7D08BF43B99B55465B5C4AC3BE,,,,1,A,,0,0,,1,1,D34AA89287A94D6F8C017BA3C374275E,95475AE006E7415794BDC93808DC04D2,272D01E1DB72482DBDDE21293D13474F,hard_fixed,,MP1606.SLDPRT,SofTech.Mechanical.SolidWorks,,,9070A2BAF55D419C8D7F6ED487583800,10
,D43ECCE153614AFBB052FCCE89551F0C,D43ECCE153614AFBB052FCCE89551F0C,2021-03-15 21:03:10.947,AD30A6D8D3B642F5A2AFED1A4B02BEFA,,,2021-03-15 21:09:36.820,AD30A6D8D3B642F5A2AFED1A4B02BEFA,,,,1,A,,0,0,,1,1,D43ECCE153614AFBB052FCCE89551F0C,5C07EB829D4241F6BB884952960FAF58,9B902DB0F7D0400DB778A54CF32683E2,hard_fixed,,MP0101.SLDASM,SofTech.Mechanical.SolidWorks,,,9EBE2004EF2346EA8893DF228FE0F459,20
,D4F6DED8CDFE49509D40BAF167DA17FB,D4F6DED8CDFE49509D40BAF167DA17FB,2017-10-14 14:08:00.000,E8DA8A7D08BF43B99B55465B5C4AC3BE,,,2017-10-14 14:08:00.000,E8DA8A7D08BF43B99B55465B5C4AC3BE,,,,1,A,,0,0,,1,1,D4F6DED8CDFE49509D40BAF167DA17FB,95475AE006E7415794BDC93808DC04D2,FC126A4AB14441F49F921E85D87FCE4A,hard_fixed,,MP2675.SLDPRT,SofTech.Mechanical.SolidWorks,,,E6483AB9248C464885631B83A92A68B2,10
,D57A5BC1D3924025BCCC4CE7F6972D9A,D57A5BC1D3924025BCCC4CE7F6972D9A,2017-10-17 12:36:00.000,0F6BD6E53E9749CA9B1A2A648D741A5A,,,2017-10-17 12:36:00.000,0F6BD6E53E9749CA9B1A2A648D741A5A,,,,1,A,,0,0,,1,1,D57A5BC1D3924025BCCC4CE7F6972D9A,95475AE006E7415794BDC93808DC04D2,B7FDD251BCAD40F29325E48C7F99D385,hard_fixed,,MP3173.SLDPRT,SofTech.Mechanical.SolidWorks,,,E2648AF581464B6A8E5416F2F83BF054,10
,D5CE864D58C94409A750752A55655DBA,D5CE864D58C94409A750752A55655DBA,2017-12-01 19:00:00.000,E8DA8A7D08BF43B99B55465B5C4AC3BE,,,2017-12-01 19:00:00.000,E8DA8A7D08BF43B99B55465B5C4AC3BE,,,,1,A,,0,0,,1,1,D5CE864D58C94409A750752A55655DBA,5C07EB829D4241F6BB884952960FAF58,C505C3BB83EC46F383C1E5CFA67AACD2,hard_fixed,,MP2956.SLDDRW,SofTech.Mechanical.SolidWorks,,,138C9F38731C44F49683A1DFE56C5C6E,20
,D9383E46557D4FC684717DB6C0E6C2AF,D9383E46557D4FC684717DB6C0E6C2AF,2017-10-14 14:08:00.000,E8DA8A7D08BF43B99B55465B5C4AC3BE,,,2017-10-14 14:08:00.000,E8DA8A7D08BF43B99B55465B5C4AC3BE,,,,1,A,,0,0,,1,1,D9383E46557D4FC684717DB6C0E6C2AF,5C07EB829D4241F6BB884952960FAF58,0C49B8A7882F4590BBDABCBD92B92381,hard_fixed,,MP0370.SLDPRT,SofTech.Mechanical.SolidWorks,,,6903E39AE4974C2E8D463D7431E4F42A,10
,DA1BF5A3F9D74490A2E385D5ED58EFE8,DA1BF5A3F9D74490A2E385D5ED58EFE8,2017-10-14 14:08:00.000,E8DA8A7D08BF43B99B55465B5C4AC3BE,,,2017-10-14 14:08:00.000,E8DA8A7D08BF43B99B55465B5C4AC3BE,,,,1,A,,0,0,,1,1,DA1BF5A3F9D74490A2E385D5ED58EFE8,95475AE006E7415794BDC93808DC04D2,DFB575A241DC456F8D4FEE188DF5BE3E,hard_fixed,,,SofTech.Mechanical.SolidWorks,,,5ED98C5C96D244BE948413278D86465D,10
,DAEBECAB5B4048EC8F942A3B6994F3EF,DAEBECAB5B4048EC8F942A3B6994F3EF,2017-10-17 12:36:00.000,0F6BD6E53E9749CA9B1A2A648D741A5A,,,2017-10-17 12:36:00.000,0F6BD6E53E9749CA9B1A2A648D741A5A,,,,1,A,,0,0,,1,1,DAEBECAB5B4048EC8F942A3B6994F3EF,95475AE006E7415794BDC93808DC04D2,7ED875D438FA400495A5968647376A2D,hard_fixed,,,,,,E29C6C70388D4AB4BA048FAC855C5E70,10
,DB37E988DE22479B9AFFE79F02F3CEE5,DB37E988DE22479B9AFFE79F02F3CEE5,2017-11-28 23:45:00.000,E8DA8A7D08BF43B99B55465B5C4AC3BE,,,2017-11-28 23:45:00.000,E8DA8A7D08BF43B99B55465B5C4AC3BE,,,,1,A,,0,0,,1,1,DB37E988DE22479B9AFFE79F02F3CEE5,95475AE006E7415794BDC93808DC04D2,2D75C43A439E425AAFBC6BA75E9922B6,hard_fixed,,MP2945.SLDPRT,SofTech.Mechanical.SolidWorks,,,92D412D82C5E4D12B9DF5670B6E7CD6A,10
,DC6BAD0DDDBA4CC3869C30A2B36FF01A,DC6BAD0DDDBA4CC3869C30A2B36FF01A,2017-10-14 14:08:00.000,E8DA8A7D08BF43B99B55465B5C4AC3BE,,,2017-10-14 14:08:00.000,E8DA8A7D08BF43B99B55465B5C4AC3BE,,,,1,A,,0,0,,1,1,DC6BAD0DDDBA4CC3869C30A2B36FF01A,95475AE006E7415794BDC93808DC04D2,1D60FBC213AC49769AA953FA28EAFD43,hard_fixed,,MP2256.SLDPRT,SofTech.Mechanical.SolidWorks,,,128EDEA775B04BDDAAE6EF631AA0FB8C,10
,DD8CFC7CCA874AEE8EB3A053B7B08CC2,DD8CFC7CCA874AEE8EB3A053B7B08CC2,2017-11-28 23:45:00.000,E8DA8A7D08BF43B99B55465B5C4AC3BE,,,2017-11-28 23:45:00.000,E8DA8A7D08BF43B99B55465B5C4AC3BE,,,,1,A,,0,0,,1,1,DD8CFC7CCA874AEE8EB3A053B7B08CC2,95475AE006E7415794BDC93808DC04D2,951B2EBD9D544AD79BDD1A0603FAA4A3,hard_fixed,,MP2946.SLDPRT,SofTech.Mechanical.SolidWorks,,,6DBE46818EE44DA2B183BE9D3CC22B33,10
,DE6B2E22E72E49ACA2F472D410125959,DE6B2E22E72E49ACA2F472D410125959,2017-10-14 14:08:00.000,E8DA8A7D08BF43B99B55465B5C4AC3BE,,,2017-10-14 14:08:00.000,E8DA8A7D08BF43B99B55465B5C4AC3BE,,,,1,A,,0,0,,1,1,DE6B2E22E72E49ACA2F472D410125959,95475AE006E7415794BDC93808DC04D2,2C6561CD9F21402EBBDB14822EE3A346,hard_fixed,,MP2685.SLDPRT,SofTech.Mechanical.SolidWorks,,,84F05EF549E14402B5353F5D928269B0,10
,E0EC257E5A5D4C9EB43F825ACEF209E5,E0EC257E5A5D4C9EB43F825ACEF209E5,2017-10-17 12:36:00.000,0F6BD6E53E9749CA9B1A2A648D741A5A,,,2017-10-17 12:36:00.000,0F6BD6E53E9749CA9B1A2A648D741A5A,,,,1,A,,0,0,,1,1,E0EC257E5A5D4C9EB43F825ACEF209E5,95475AE006E7415794BDC93808DC04D2,799A51B95676484691318B717A02B680,hard_fixed,,,,,,E6EAAFF199BE456FA6CFCCBAA323D464,10
,E2339B6FE3C14EE4981CFBAF37FE0705,E2339B6FE3C14EE4981CFBAF37FE0705,2017-10-14 14:08:00.000,E8DA8A7D08BF43B99B55465B5C4AC3BE,,,2017-10-14 14:08:00.000,E8DA8A7D08BF43B99B55465B5C4AC3BE,,,,1,A,,0,0,,1,1,E2339B6FE3C14EE4981CFBAF37FE0705,5C07EB829D4241F6BB884952960FAF58,DD8F47B2A33742CB831D22C9985E36DE,hard_fixed,,MP2360.SLDPRT,SofTech.Mechanical.SolidWorks,,,DF7A472C23944BF980EBB28979D25CEA,10
,E2CD531B69564C5DA86121E576E9C2B0,E2CD531B69564C5DA86121E576E9C2B0,2017-10-25 20:33:00.000,E8DA8A7D08BF43B99B55465B5C4AC3BE,,,2017-10-25 20:33:00.000,E8DA8A7D08BF43B99B55465B5C4AC3BE,,,,1,A,,0,0,,1,1,E2CD531B69564C5DA86121E576E9C2B0,95475AE006E7415794BDC93808DC04D2,B9F8E908144948E48A1747AD88716D02,hard_fixed,,MP0101.SLDDRW,SofTech.Mechanical.SolidWorks,,,1562ED62738347EE8C5830708ADAEC3E,10
,E3176407E02949C18E1F548944E7FC1E,E3176407E02949C18E1F548944E7FC1E,2017-10-17 12:36:00.000,0F6BD6E53E9749CA9B1A2A648D741A5A,,,2017-10-17 12:36:00.000,0F6BD6E53E9749CA9B1A2A648D741A5A,,,,1,A,,0,0,,1,1,E3176407E02949C18E1F548944E7FC1E,95475AE006E7415794BDC93808DC04D2,0EDAA4188E4C4BA981FD4518B5C5DDAD,hard_fixed,,,SofTech.Mechanical.SolidWorks,,,17C7BD4B711A49E3B17D677BAA91F902,10
,E68697DDB1D44C76BB21295C1DE816F5,E68697DDB1D44C76BB21295C1DE816F5,2017-10-14 14:08:00.000,E8DA8A7D08BF43B99B55465B5C4AC3BE,,,2017-10-14 14:08:00.000,E8DA8A7D08BF43B99B55465B5C4AC3BE,,,,1,A,,0,0,,1,1,E68697DDB1D44C76BB21295C1DE816F5,95475AE006E7415794BDC93808DC04D2,6020DB29814C4D838E60D315A1C95E8C,hard_fixed,,MP2943.SLDASM,SofTech.Mechanical.SolidWorks,,,277D27AE040B4A3F9F7EB4C9592DABF0,10
,E9672C7EBB5D4336B4BE0906285FFE2F,E9672C7EBB5D4336B4BE0906285FFE2F,2017-10-14 14:08:00.000,E8DA8A7D08BF43B99B55465B5C4AC3BE,,,2017-10-14 14:08:00.000,E8DA8A7D08BF43B99B55465B5C4AC3BE,,,,1,A,,0,0,,1,1,E9672C7EBB5D4336B4BE0906285FFE2F,95475AE006E7415794BDC93808DC04D2,E21B5B09658C4FB28F184539F906BE7E,hard_fixed,,MP2580.SLDPRT,SofTech.Mechanical.SolidWorks,,,78026D2D65AD47FD94AA9DC808DA72F9,10
,EAEC12E961E546A094B7CE84D0244231,EAEC12E961E546A094B7CE84D0244231,2017-10-14 14:08:00.000,E8DA8A7D08BF43B99B55465B5C4AC3BE,,,2017-10-14 14:08:00.000,E8DA8A7D08BF43B99B55465B5C4AC3BE,,,,1,A,,0,0,,1,1,EAEC12E961E546A094B7CE84D0244231,95475AE006E7415794BDC93808DC04D2,FF582F00C8D140D28E19A92C1790BF68,hard_fixed,,MP2405.SLDPRT,SofTech.Mechanical.SolidWorks,,,54B2A5481C44486584116E4109C8AEA7,10
,ECBF928DC5724EC0A4FCC0F3E649D57E,ECBF928DC5724EC0A4FCC0F3E649D57E,2017-10-14 14:08:00.000,E8DA8A7D08BF43B99B55465B5C4AC3BE,,,2017-10-14 14:08:00.000,E8DA8A7D08BF43B99B55465B5C4AC3BE,,,,1,A,,0,0,,1,1,ECBF928DC5724EC0A4FCC0F3E649D57E,95475AE006E7415794BDC93808DC04D2,4AB823CEF08042D5B322AF062895F98C,hard_fixed,,MP0370.SLDPRT,SofTech.Mechanical.SolidWorks,,,6903E39AE4974C2E8D463D7431E4F42A,10
,ED48574A23774B14BF97A9ECB5E7CB94,ED48574A23774B14BF97A9ECB5E7CB94,2017-10-14 14:08:00.000,E8DA8A7D08BF43B99B55465B5C4AC3BE,,,2017-10-14 14:08:00.000,E8DA8A7D08BF43B99B55465B5C4AC3BE,,,,1,A,,0,0,,1,1,ED48574A23774B14BF97A9ECB5E7CB94,95475AE006E7415794BDC93808DC04D2,D37883BCB6FD4DC6AE55F9D9F1CC2931,hard_fixed,,MP2195.SLDPRT,SofTech.Mechanical.SolidWorks,,,2909B59505F745DFA91FAA18E1C8810F,10
,ED9AD1A608514E73856BC6E2BA509676,ED9AD1A608514E73856BC6E2BA509676,2017-10-14 14:08:00.000,E8DA8A7D08BF43B99B55465B5C4AC3BE,,,2017-10-14 14:08:00.000,E8DA8A7D08BF43B99B55465B5C4AC3BE,,,,1,A,,0,0,,1,1,ED9AD1A608514E73856BC6E2BA509676,95475AE006E7415794BDC93808DC04D2,0DA543DA8B5947DE99F54B39E6AC2357,hard_fixed,,MP2467.SLDPRT,SofTech.Mechanical.SolidWorks,,,D6C892CF383F4A41A91D28FC3D7B6C7D,10
,EE30AD66C909466181D0E34C607822E1,EE30AD66C909466181D0E34C607822E1,2017-10-14 14:08:00.000,E8DA8A7D08BF43B99B55465B5C4AC3BE,,,2017-10-14 14:08:00.000,E8DA8A7D08BF43B99B55465B5C4AC3BE,,,,1,A,,0,0,,1,1,EE30AD66C909466181D0E34C607822E1,95475AE006E7415794BDC93808DC04D2,BE3E46EFDCC9401582B728D477930A33,hard_fixed,,MP2607.SLDPRT,SofTech.Mechanical.SolidWorks,,,F082B0A927424FBC80FEDF5308DA1848,10
,EEB3440C9DB64858BBEE5AE67A1E47CE,EEB3440C9DB64858BBEE5AE67A1E47CE,2017-10-14 14:08:00.000,E8DA8A7D08BF43B99B55465B5C4AC3BE,,,2017-10-14 14:08:00.000,E8DA8A7D08BF43B99B55465B5C4AC3BE,,,,1,A,,0,0,,1,1,EEB3440C9DB64858BBEE5AE67A1E47CE,95475AE006E7415794BDC93808DC04D2,C642BFF9C8E646B9ADDC52AEDEA3C9E6,hard_fixed,,MP2752.SLDPRT,SofTech.Mechanical.SolidWorks,,,5F12986969A741AD9613B3B49BE4DAB5,10
,F2FAB6DE94D6400CB059BE780DD2523E,F2FAB6DE94D6400CB059BE780DD2523E,2017-10-14 14:08:00.000,E8DA8A7D08BF43B99B55465B5C4AC3BE,,,2017-10-14 14:08:00.000,E8DA8A7D08BF43B99B55465B5C4AC3BE,,,,1,A,,0,0,,1,1,F2FAB6DE94D6400CB059BE780DD2523E,95475AE006E7415794BDC93808DC04D2,9B9C1A8A78BE478DBF0E2F8AE6C949FC,hard_fixed,,MP2671.SLDPRT,SofTech.Mechanical.SolidWorks,,,A4918CCDAF574D29A424BCBAF78EEA05,10
,F40A4DE4AA0046ABB78992C736036999,F40A4DE4AA0046ABB78992C736036999,2017-11-28 23:45:00.000,E8DA8A7D08BF43B99B55465B5C4AC3BE,,,2017-11-28 23:45:00.000,E8DA8A7D08BF43B99B55465B5C4AC3BE,,,,1,A,,0,0,,1,1,F40A4DE4AA0046ABB78992C736036999,95475AE006E7415794BDC93808DC04D2,048B35C3F4354EF48034AB11BA603308,hard_fixed,,MP2955.SLDASM,SofTech.Mechanical.SolidWorks,,,9C8203BA36A5417FB48D320D4E822D2B,10
,F4333C3B5842427B88DF87BDF8082105,F4333C3B5842427B88DF87BDF8082105,2017-10-14 14:08:00.000,E8DA8A7D08BF43B99B55465B5C4AC3BE,,,2017-10-14 14:08:00.000,E8DA8A7D08BF43B99B55465B5C4AC3BE,,,,1,A,,0,0,,1,1,F4333C3B5842427B88DF87BDF8082105,95475AE006E7415794BDC93808DC04D2,B967B5AAEF344577BE9A65A52E5C3CE9,hard_fixed,,MP2603.SLDPRT,SofTech.Mechanical.SolidWorks,,,7EBE20ADB1AD40629703234342D2DB53,10
,F4C49D232567459A8C4AACA522A78DBF,F4C49D232567459A8C4AACA522A78DBF,2017-11-28 23:45:00.000,E8DA8A7D08BF43B99B55465B5C4AC3BE,,,2017-11-28 23:45:00.000,E8DA8A7D08BF43B99B55465B5C4AC3BE,,,,1,A,,0,0,,1,1,F4C49D232567459A8C4AACA522A78DBF,95475AE006E7415794BDC93808DC04D2,1AD8E9CD891D417685168555202E051B,hard_fixed,,MP2950.SLDPRT,SofTech.Mechanical.SolidWorks,,,821673A26A43488A9F2EB6D74A6318EE,10
,F57A539D56A744F883A0C7529A1B1285,F57A539D56A744F883A0C7529A1B1285,2017-10-14 14:08:00.000,E8DA8A7D08BF43B99B55465B5C4AC3BE,,,2017-10-14 14:08:00.000,E8DA8A7D08BF43B99B55465B5C4AC3BE,,,,1,A,,0,0,,1,1,F57A539D56A744F883A0C7529A1B1285,95475AE006E7415794BDC93808DC04D2,9ECC245B665D40CCAB34646ADAA2D137,hard_fixed,,MP2416.SLDPRT,SofTech.Mechanical.SolidWorks,,,0CA98F0F3F7A4314ACCE6EB9B117E296,10
,F716A425CE4548D1ADD71FA548489788,F716A425CE4548D1ADD71FA548489788,2017-10-14 14:08:00.000,E8DA8A7D08BF43B99B55465B5C4AC3BE,,,2017-10-14 14:08:00.000,E8DA8A7D08BF43B99B55465B5C4AC3BE,,,,1,A,,0,0,,1,1,F716A425CE4548D1ADD71FA548489788,95475AE006E7415794BDC93808DC04D2,1C8EEDC07A6345EC8B07F9031AEDDA46,hard_fixed,,MP2583.SLDPRT,SofTech.Mechanical.SolidWorks,,,34C29314CF3740DA815CE759D31DDAF8,10
,F87E7F4854FD4AC1B7E0017E3E4EF954,F87E7F4854FD4AC1B7E0017E3E4EF954,2017-10-14 14:08:00.000,E8DA8A7D08BF43B99B55465B5C4AC3BE,,,2017-10-14 14:08:00.000,E8DA8A7D08BF43B99B55465B5C4AC3BE,,,,1,A,,0,0,,1,1,F87E7F4854FD4AC1B7E0017E3E4EF954,95475AE006E7415794BDC93808DC04D2,C2D5BC4B7C7A4E609E3357AB11222601,hard_fixed,,MP1782.SLDPRT,SofTech.Mechanical.SolidWorks,,,161E3EEEAC61474A8F9E289BF2918CD6,10
,F8AC52C55931432584502131ECADE05F,F8AC52C55931432584502131ECADE05F,2017-10-14 14:08:00.000,E8DA8A7D08BF43B99B55465B5C4AC3BE,,,2017-10-14 14:08:00.000,E8DA8A7D08BF43B99B55465B5C4AC3BE,,,,1,A,,0,0,,1,1,F8AC52C55931432584502131ECADE05F,95475AE006E7415794BDC93808DC04D2,B7EA821806164558BDC66334C835C51F,hard_fixed,,MP2198.SLDPRT,SofTech.Mechanical.SolidWorks,,,FA9259542EE3486BB0C683B635C9C220,10
,F9444EBB82684D81940A7394DC5ED7F6,F9444EBB82684D81940A7394DC5ED7F6,2017-10-14 14:08:00.000,E8DA8A7D08BF43B99B55465B5C4AC3BE,,,2017-10-14 14:08:00.000,E8DA8A7D08BF43B99B55465B5C4AC3BE,,,,1,A,,0,0,,1,1,F9444EBB82684D81940A7394DC5ED7F6,95475AE006E7415794BDC93808DC04D2,BF77C9D47C334C31AB4358BEE5E1D5EE,hard_fixed,,MP2367.SLDPRT,SofTech.Mechanical.SolidWorks,,,2E9CCBF0C6FE46E7B4008369171B35A6,10
,F9F3BE9E85404CC4A0BF37E50A65F369,F9F3BE9E85404CC4A0BF37E50A65F369,2017-10-14 14:08:00.000,E8DA8A7D08BF43B99B55465B5C4AC3BE,,,2017-10-14 14:08:00.000,E8DA8A7D08BF43B99B55465B5C4AC3BE,,,,1,A,,0,0,,1,1,F9F3BE9E85404CC4A0BF37E50A65F369,95475AE006E7415794BDC93808DC04D2,6FDC98DD18994CE48BA6941298BE24FE,hard_fixed,,MP2751.SLDPRT,SofTech.Mechanical.SolidWorks,,,9A3F86F3B7494D9B82FCE66AC1A5251E,10
,FAEDF29E69124A8081A1B0A0DFBF7DD9,FAEDF29E69124A8081A1B0A0DFBF7DD9,2017-10-14 14:08:00.000,E8DA8A7D08BF43B99B55465B5C4AC3BE,,,2017-10-14 14:08:00.000,E8DA8A7D08BF43B99B55465B5C4AC3BE,,,,1,A,,0,0,,1,1,FAEDF29E69124A8081A1B0A0DFBF7DD9,95475AE006E7415794BDC93808DC04D2,7D40EEE469E44DECAA126C2DB65D0912,hard_fixed,,MP2196.SLDPRT,SofTech.Mechanical.SolidWorks,,,144FC854061C4A51B771D929AAFCD125,10
,FB0244DF287249AF8578126B7428B340,FB0244DF287249AF8578126B7428B340,2017-10-14 14:08:00.000,E8DA8A7D08BF43B99B55465B5C4AC3BE,,,2017-10-14 14:08:00.000,E8DA8A7D08BF43B99B55465B5C4AC3BE,,,,1,A,,0,0,,1,1,FB0244DF287249AF8578126B7428B340,95475AE006E7415794BDC93808DC04D2,CFA387C8052C4864B4728BB5C35BA140,hard_fixed,,MP2720.SLDPRT,SofTech.Mechanical.SolidWorks,,,AA43D493FB284FB0B11A2570D3AF8CF8,10
,FBE8C43965714068AAC05590C84187F8,FBE8C43965714068AAC05590C84187F8,2017-10-14 14:08:00.000,E8DA8A7D08BF43B99B55465B5C4AC3BE,,,2017-10-14 14:08:00.000,E8DA8A7D08BF43B99B55465B5C4AC3BE,,,,1,A,,0,0,,1,1,FBE8C43965714068AAC05590C84187F8,95475AE006E7415794BDC93808DC04D2,7ED875D438FA400495A5968647376A2D,hard_fixed,,,SofTech.Mechanical.SolidWorks,,,7284AA68CF8A4D969DCB514A127F8A2B,10
,FDB1777E385546448FFF6363DD1B4A01,FDB1777E385546448FFF6363DD1B4A01,2021-03-15 21:02:57.650,AD30A6D8D3B642F5A2AFED1A4B02BEFA,,,2021-03-15 21:02:57.660,AD30A6D8D3B642F5A2AFED1A4B02BEFA,,,,1,A,,0,0,,1,1,FDB1777E385546448FFF6363DD1B4A01,5C07EB829D4241F6BB884952960FAF58,793E1C139E074B8395173423026084C8,hard_fixed,,,,,,6DA925B76AD5454C8D3AFDE5264B64A4,10
